CookerStat, GenerateAssetRegistry=0.066638, Initialize=0.341702, RunGuid=RunID799055DA4EA2F02DC3572EAE51815EBA
DDCTransactionId6B8024FF4279579488AEE09BF0EE4399_0, PutCachedData=, CacheKey=PhysX_1D9C17C451EA4FB88CB7A27536A65DB0_PhysXPC_2687665047839BA3A895889211C326E__BC819B0D839250E312001721754D24E74B53D06F, StartTime=2016.05.17-21.46.06, HierarchicalDDC=, DataSize=840, Duration=76.449005, RunGuid=RunID799055DA4EA2F02DC3572EAE51815EBA
SavePackageTransactionId0227498A483257BA4322A2B4E8DACA2C_0, Filename=../../../../../../Users/Harry/Documents/Unreal Projects/MyProject2/Content/StarterContent/Architecture/Floor_400x400.uasset, AutoPackageBackupDelegate=840.808167, FlushAsyncLoading=0.021268, FlushStreamingFunc=0.140365, BlockTillAllRequestsFinished=0.072312, ResetLoadersForSaveUnMarkAllObjects=530.011353, TagPackageExports=0.254266, BeginCacheForCookedPlatformData=0.007089, SerializeImports=377.758484, GatherLocalizableTextData=254.991180, MarkNames=0.417791, SerializeSummary=327.953217, SerializeNames=0.610147, SerializeGatherableTextData=0.013236, BuildExportMap=678.297607, SortExportsNonSeekfree=93.596947, SortExportsSeekfreeConstructor=251.741470, SortExportsSeekfreeInner=222.414673, SortExportsSeekfree=0.018433, BuildDependencyMap=0.506647, SerializeImportMap=0.031665, SerializeExportMap=0.026464, SerializeDependencyMap=0.005674, SerializeStringAssetReferenceMap=0.007562, SaveThumbNailsAssetRegistryDataWorldLevelInfo=42.475452, SerializeExports=1.308199, SerializeBulkData=0.119574, MoveFile=293.435699, UnaccountedTime=1487.414429, RunGuid=RunID799055DA4EA2F02DC3572EAE51815EBA
DDCTransactionId2C15252949465B7178E97397961FE6A1_0, BuildTexture=, CacheKey=TEXTURE_814DCC3DC72143F49509781513CB9855_AutoDXT_A3DB5DE64093EAD778E380B675001A7D_07_0000803F0000803F0000803F000000000000803F00000000000000000000803F00000000000000000200000001000100000000000101000000040000803FFFFFFFFF00000000FF00FF00FFFF8180803B, StartTime=2016.05.17-21.47.02, Duration=64046.621094, RunGuid=RunID799055DA4EA2F02DC3572EAE51815EBA
DDCTransactionId6B8024FF4279579488AEE09BF0EE4399_1, PutCachedData=, CacheKey=TEXTURE_814DCC3DC72143F49509781513CB9855_AutoDXT_A3DB5DE64093EAD778E380B675001__4391A10CC26AA4C4450E7B2CD2AEC0C8A5173452, StartTime=2016.05.17-21.48.06, HierarchicalDDC=, DataSize=4194569, Duration=376.981018, RunGuid=RunID799055DA4EA2F02DC3572EAE51815EBA
DDCTransactionId6B8024FF4279579488AEE09BF0EE4399_2, PutCachedData=, CacheKey=TEXTURE_814DCC3DC72143F49509781513CB9855_AutoDXT_A3DB5DE64093EAD778E380B675001__6C6F55C709D2C6D80259E91B165FF0DD201E8414, StartTime=2016.05.17-21.48.06, HierarchicalDDC=, DataSize=1048841, Duration=66.454590, RunGuid=RunID799055DA4EA2F02DC3572EAE51815EBA
DDCTransactionId6B8024FF4279579488AEE09BF0EE4399_3, PutCachedData=, CacheKey=TEXTURE_814DCC3DC72143F49509781513CB9855_AutoDXT_A3DB5DE64093EAD778E380B675001__472D707A7B0E529368F4E14ACA7E1BDEFAF3278C, StartTime=2016.05.17-21.48.06, HierarchicalDDC=, DataSize=262407, Duration=150.655914, RunGuid=RunID799055DA4EA2F02DC3572EAE51815EBA
DDCTransactionId6B8024FF4279579488AEE09BF0EE4399_4, PutCachedData=, CacheKey=TEXTURE_814DCC3DC72143F49509781513CB9855_AutoDXT_A3DB5DE64093EAD778E380B675001__9E6D38A40922F5A1400995BEF8AB2BB72102E08E, StartTime=2016.05.17-21.48.06, HierarchicalDDC=, DataSize=65799, Duration=99.134125, RunGuid=RunID799055DA4EA2F02DC3572EAE51815EBA
DDCTransactionId6B8024FF4279579488AEE09BF0EE4399_5, PutCachedData=, CacheKey=TEXTURE_814DCC3DC72143F49509781513CB9855_AutoDXT_A3DB5DE64093EAD778E380B675001__8549BBC3C19930FB5DB1555B9B25836589078D63, StartTime=2016.05.17-21.48.06, HierarchicalDDC=, DataSize=16647, Duration=97.772041, RunGuid=RunID799055DA4EA2F02DC3572EAE51815EBA
DDCTransactionId6B8024FF4279579488AEE09BF0EE4399_6, PutCachedData=, CacheKey=TEXTURE_814DCC3DC72143F49509781513CB9855_AutoDXT_A3DB5DE64093EAD778E380B675001__26044AC63EDE5B72823857B3B8293FF58CDB07D1, StartTime=2016.05.17-21.48.07, HierarchicalDDC=, DataSize=7493, Duration=148.610916, RunGuid=RunID799055DA4EA2F02DC3572EAE51815EBA
DDCTransactionId2C15252949465B7178E97397961FE6A1_1, BuildTexture=, CacheKey=TEXTURE_814DCC3DC72143F49509781513CB9855_BC5_953E836541FD413A56AE28B92BC05FD4_07_0000803F0000803F0000803F000000000000803F00000000000000000000803F00000000000000000200000001000000000000000100000000040000803FFFFFFFFF00000000FF00FF00FFFF8180803B, StartTime=2016.05.17-21.48.08, Duration=3635.423340, RunGuid=RunID799055DA4EA2F02DC3572EAE51815EBA
DDCTransactionId6B8024FF4279579488AEE09BF0EE4399_7, PutCachedData=, CacheKey=TEXTURE_814DCC3DC72143F49509781513CB9855_BC5_953E836541FD413A56AE28B92BC05FD4___E459626E63ED45EF561A856BABEAE27A84746866, StartTime=2016.05.17-21.48.12, HierarchicalDDC=, DataSize=4194565, Duration=262.168793, RunGuid=RunID799055DA4EA2F02DC3572EAE51815EBA
DDCTransactionId6B8024FF4279579488AEE09BF0EE4399_8, PutCachedData=, CacheKey=TEXTURE_814DCC3DC72143F49509781513CB9855_BC5_953E836541FD413A56AE28B92BC05FD4___D4735834DC35101E223B6ED198367AF339378B4F, StartTime=2016.05.17-21.48.12, HierarchicalDDC=, DataSize=1048837, Duration=454.097382, RunGuid=RunID799055DA4EA2F02DC3572EAE51815EBA
DDCTransactionId6B8024FF4279579488AEE09BF0EE4399_9, PutCachedData=, CacheKey=TEXTURE_814DCC3DC72143F49509781513CB9855_BC5_953E836541FD413A56AE28B92BC05FD4___0D07BA7E0DD518C73916733CF297FC9510B3F16D, StartTime=2016.05.17-21.48.13, HierarchicalDDC=, DataSize=262403, Duration=127.416428, RunGuid=RunID799055DA4EA2F02DC3572EAE51815EBA
DDCTransactionId6B8024FF4279579488AEE09BF0EE4399_10, PutCachedData=, CacheKey=TEXTURE_814DCC3DC72143F49509781513CB9855_BC5_953E836541FD413A56AE28B92BC05FD4___3AC301F275406FCA314BBE61C1954B9F2AE85579, StartTime=2016.05.17-21.48.13, HierarchicalDDC=, DataSize=65795, Duration=254.759598, RunGuid=RunID799055DA4EA2F02DC3572EAE51815EBA
DDCTransactionId6B8024FF4279579488AEE09BF0EE4399_11, PutCachedData=, CacheKey=TEXTURE_814DCC3DC72143F49509781513CB9855_BC5_953E836541FD413A56AE28B92BC05FD4___87B94521736ABA8A26F8F28B88597DA69B20E433, StartTime=2016.05.17-21.48.13, HierarchicalDDC=, DataSize=16643, Duration=87.367386, RunGuid=RunID799055DA4EA2F02DC3572EAE51815EBA
DDCTransactionId6B8024FF4279579488AEE09BF0EE4399_12, PutCachedData=, CacheKey=TEXTURE_814DCC3DC72143F49509781513CB9855_BC5_953E836541FD413A56AE28B92BC05FD4___382725BB370E3BD860556FDB5E8BA88FF17B105F, StartTime=2016.05.17-21.48.13, HierarchicalDDC=, DataSize=7468, Duration=246.612167, RunGuid=RunID799055DA4EA2F02DC3572EAE51815EBA
DDCTransactionId2C15252949465B7178E97397961FE6A1_2, BuildTexture=, CacheKey=TEXTURE_814DCC3DC72143F49509781513CB9855_AutoDXT_315FAD6D4390607D259D4CBB0214981B_07_0000803F0000803F0000803F000000000000803F00000000000000000000803F00000000000000000200000001000100000000000101000000040000803FFFFFFFFF00000000FF00FF00FFFF8180803B, StartTime=2016.05.17-21.48.15, Duration=59311.050781, RunGuid=RunID799055DA4EA2F02DC3572EAE51815EBA
DDCTransactionId6B8024FF4279579488AEE09BF0EE4399_13, PutCachedData=, CacheKey=TEXTURE_814DCC3DC72143F49509781513CB9855_AutoDXT_315FAD6D4390607D259D4CBB02149__B3E8551A7C8AE3BB624F7403BBB940E8E2B28322, StartTime=2016.05.17-21.49.14, HierarchicalDDC=, DataSize=4194569, Duration=126.197548, RunGuid=RunID799055DA4EA2F02DC3572EAE51815EBA
DDCTransactionId6B8024FF4279579488AEE09BF0EE4399_14, PutCachedData=, CacheKey=TEXTURE_814DCC3DC72143F49509781513CB9855_AutoDXT_315FAD6D4390607D259D4CBB02149__EB4BF6094A952123C8F94095BB951C84F950EFD9, StartTime=2016.05.17-21.49.14, HierarchicalDDC=, DataSize=1048841, Duration=189.281433, RunGuid=RunID799055DA4EA2F02DC3572EAE51815EBA
DDCTransactionId6B8024FF4279579488AEE09BF0EE4399_15, PutCachedData=, CacheKey=TEXTURE_814DCC3DC72143F49509781513CB9855_AutoDXT_315FAD6D4390607D259D4CBB02149__2E8D1FA22811FB07EA77E0A1602173D96E062591, StartTime=2016.05.17-21.49.15, HierarchicalDDC=, DataSize=262407, Duration=377.773590, RunGuid=RunID799055DA4EA2F02DC3572EAE51815EBA
DDCTransactionId6B8024FF4279579488AEE09BF0EE4399_16, PutCachedData=, CacheKey=TEXTURE_814DCC3DC72143F49509781513CB9855_AutoDXT_315FAD6D4390607D259D4CBB02149__0961CA06BF1893FDAB622FCD733E1DB2470687BB, StartTime=2016.05.17-21.49.15, HierarchicalDDC=, DataSize=65799, Duration=81.219597, RunGuid=RunID799055DA4EA2F02DC3572EAE51815EBA
DDCTransactionId6B8024FF4279579488AEE09BF0EE4399_17, PutCachedData=, CacheKey=TEXTURE_814DCC3DC72143F49509781513CB9855_AutoDXT_315FAD6D4390607D259D4CBB02149__E8DA98BA3C8173D4702B70CA2E9187F915D75E23, StartTime=2016.05.17-21.49.15, HierarchicalDDC=, DataSize=16647, Duration=139.240814, RunGuid=RunID799055DA4EA2F02DC3572EAE51815EBA
DDCTransactionId6B8024FF4279579488AEE09BF0EE4399_18, PutCachedData=, CacheKey=TEXTURE_814DCC3DC72143F49509781513CB9855_AutoDXT_315FAD6D4390607D259D4CBB02149__D88DBC5C48D5B5A27DCDD4DA341F7176C591A5FB, StartTime=2016.05.17-21.49.15, HierarchicalDDC=, DataSize=7493, Duration=60.531288, RunGuid=RunID799055DA4EA2F02DC3572EAE51815EBA
DDCTransactionId2C15252949465B7178E97397961FE6A1_3, BuildTexture=, CacheKey=TEXTURE_814DCC3DC72143F49509781513CB9855_BC5_7F4970AF407237B338721894AC7C55A6_07_0000803F0000803F0000803F000000000000803F00000000000000000000803F00000000000000000200000001000000000000000100000000040000803FFFFFFFFF00000000FF00FF00FFFF8180803B, StartTime=2016.05.17-21.49.18, Duration=5471.892578, RunGuid=RunID799055DA4EA2F02DC3572EAE51815EBA
DDCTransactionId6B8024FF4279579488AEE09BF0EE4399_19, PutCachedData=, CacheKey=TEXTURE_814DCC3DC72143F49509781513CB9855_BC5_7F4970AF407237B338721894AC7C55A6___AD36A6067FB8A01F31F3AF4C8946399C517CF391, StartTime=2016.05.17-21.49.24, HierarchicalDDC=, DataSize=4194565, Duration=138.866028, RunGuid=RunID799055DA4EA2F02DC3572EAE51815EBA
DDCTransactionId6B8024FF4279579488AEE09BF0EE4399_20, PutCachedData=, CacheKey=TEXTURE_814DCC3DC72143F49509781513CB9855_BC5_7F4970AF407237B338721894AC7C55A6___4860EF7BC752CBE02CCB2705BF8CB48A698E4BD9, StartTime=2016.05.17-21.49.24, HierarchicalDDC=, DataSize=1048837, Duration=236.012329, RunGuid=RunID799055DA4EA2F02DC3572EAE51815EBA
DDCTransactionId2C15252949465B7178E97397961FE6A1_4, BuildTexture=, CacheKey=TEXTURE_814DCC3DC72143F49509781513CB9855_AutoDXT_175FFFF34B3800668E3E95AD8254F9FF_07_0000803F0000803F0000803F000000000000803F00000000000000000000803F00000000000000000200000001000000000000000101000000040000803FFFFFFFFF00000000FF00FF00FFFF8180803B, StartTime=2016.05.17-21.49.24, Duration=860.938293, RunGuid=RunID799055DA4EA2F02DC3572EAE51815EBA
DDCTransactionId6B8024FF4279579488AEE09BF0EE4399_21, PutCachedData=, CacheKey=TEXTURE_814DCC3DC72143F49509781513CB9855_BC5_7F4970AF407237B338721894AC7C55A6___5A0BB6E1D372F839D324E10225DE8469984B21FA, StartTime=2016.05.17-21.49.24, HierarchicalDDC=, DataSize=262403, Duration=327.124268, RunGuid=RunID799055DA4EA2F02DC3572EAE51815EBA
DDCTransactionId6B8024FF4279579488AEE09BF0EE4399_22, PutCachedData=, CacheKey=TEXTURE_814DCC3DC72143F49509781513CB9855_BC5_7F4970AF407237B338721894AC7C55A6___4A2C3032BACEEE299B3642FEDA89B93B1EE78D43, StartTime=2016.05.17-21.49.24, HierarchicalDDC=, DataSize=65795, Duration=184.286362, RunGuid=RunID799055DA4EA2F02DC3572EAE51815EBA
DDCTransactionId6B8024FF4279579488AEE09BF0EE4399_23, PutCachedData=, CacheKey=TEXTURE_814DCC3DC72143F49509781513CB9855_BC5_7F4970AF407237B338721894AC7C55A6___F3E2FBA30778DC84BB0F5ED8A50653CF9CD5C95F, StartTime=2016.05.17-21.49.25, HierarchicalDDC=, DataSize=16643, Duration=153.319107, RunGuid=RunID799055DA4EA2F02DC3572EAE51815EBA
DDCTransactionId6B8024FF4279579488AEE09BF0EE4399_24, PutCachedData=, CacheKey=TEXTURE_814DCC3DC72143F49509781513CB9855_BC5_7F4970AF407237B338721894AC7C55A6___B8E76038B1FAF49B2983EFFD6E7B86CBF6237101, StartTime=2016.05.17-21.49.25, HierarchicalDDC=, DataSize=7468, Duration=166.655869, RunGuid=RunID799055DA4EA2F02DC3572EAE51815EBA
DDCTransactionId6B8024FF4279579488AEE09BF0EE4399_25, PutCachedData=, CacheKey=TEXTURE_814DCC3DC72143F49509781513CB9855_AutoDXT_175FFFF34B3800668E3E95AD8254F__07A88AF74FC1E73AB09610F8C968130817CECAC3, StartTime=2016.05.17-21.49.25, HierarchicalDDC=, DataSize=524553, Duration=73.545250, RunGuid=RunID799055DA4EA2F02DC3572EAE51815EBA
DDCTransactionId6B8024FF4279579488AEE09BF0EE4399_26, PutCachedData=, CacheKey=TEXTURE_814DCC3DC72143F49509781513CB9855_AutoDXT_175FFFF34B3800668E3E95AD8254F__36D14B777ED17E3D5FC75B48AED96537AE53896D, StartTime=2016.05.17-21.49.25, HierarchicalDDC=, DataSize=131335, Duration=50.587437, RunGuid=RunID799055DA4EA2F02DC3572EAE51815EBA
DDCTransactionId6B8024FF4279579488AEE09BF0EE4399_27, PutCachedData=, CacheKey=TEXTURE_814DCC3DC72143F49509781513CB9855_AutoDXT_175FFFF34B3800668E3E95AD8254F__60DD8B40791EDDF0CEA9C6EA24FB368B50CCE7B2, StartTime=2016.05.17-21.49.25, HierarchicalDDC=, DataSize=33031, Duration=159.215942, RunGuid=RunID799055DA4EA2F02DC3572EAE51815EBA
DDCTransactionId6B8024FF4279579488AEE09BF0EE4399_28, PutCachedData=, CacheKey=TEXTURE_814DCC3DC72143F49509781513CB9855_AutoDXT_175FFFF34B3800668E3E95AD8254F__54360FB6FDE14A1E68B0C73A350C5AF456C27A04, StartTime=2016.05.17-21.49.25, HierarchicalDDC=, DataSize=8455, Duration=106.180351, RunGuid=RunID799055DA4EA2F02DC3572EAE51815EBA
DDCTransactionId6B8024FF4279579488AEE09BF0EE4399_29, PutCachedData=, CacheKey=TEXTURE_814DCC3DC72143F49509781513CB9855_AutoDXT_175FFFF34B3800668E3E95AD8254F__93E5E5D4F615EF636436CEFD35B5A384CC018943, StartTime=2016.05.17-21.49.25, HierarchicalDDC=, DataSize=4452, Duration=73.329269, RunGuid=RunID799055DA4EA2F02DC3572EAE51815EBA
DDCTransactionId2C15252949465B7178E97397961FE6A1_5, BuildTexture=, CacheKey=TEXTURE_814DCC3DC72143F49509781513CB9855_BC5_550B17DD4E4B41095ADB0B9395D1461E_07_0000803F0000803F0000803F000000000000803F00000000000000000000803F00000000000000000200000001000000000000000100000000040000803FFFFFFFFF00000000FF00FF00FFFF8180803B, StartTime=2016.05.17-21.49.28, Duration=3770.978516, RunGuid=RunID799055DA4EA2F02DC3572EAE51815EBA
DDCTransactionId6B8024FF4279579488AEE09BF0EE4399_30, PutCachedData=, CacheKey=TEXTURE_814DCC3DC72143F49509781513CB9855_BC5_550B17DD4E4B41095ADB0B9395D1461E___28D98B9BACB0D754935FE389E58534CB52AB6BFA, StartTime=2016.05.17-21.49.32, HierarchicalDDC=, DataSize=4194565, Duration=128.931641, RunGuid=RunID799055DA4EA2F02DC3572EAE51815EBA
DDCTransactionId2C15252949465B7178E97397961FE6A1_6, BuildTexture=, CacheKey=TEXTURE_814DCC3DC72143F49509781513CB9855_AutoDXT_49EBE4F9430B027F3639729C4CE028A7_07_0000803F0000803F0000803F000000000000803F00000000000000000000803F00000000000000000200000001000000000000000101000000040000803FFFFFFFFF00000000FF00FF00FFFF8180803B, StartTime=2016.05.17-21.49.32, Duration=724.677307, RunGuid=RunID799055DA4EA2F02DC3572EAE51815EBA
DDCTransactionId6B8024FF4279579488AEE09BF0EE4399_31, PutCachedData=, CacheKey=TEXTURE_814DCC3DC72143F49509781513CB9855_BC5_550B17DD4E4B41095ADB0B9395D1461E___9E48D523BD074D32C26379ECA6F407E7B68CFEF9, StartTime=2016.05.17-21.49.32, HierarchicalDDC=, DataSize=1048837, Duration=184.812378, RunGuid=RunID799055DA4EA2F02DC3572EAE51815EBA
DDCTransactionId6B8024FF4279579488AEE09BF0EE4399_32, PutCachedData=, CacheKey=TEXTURE_814DCC3DC72143F49509781513CB9855_BC5_550B17DD4E4B41095ADB0B9395D1461E___E972E517DD60D95E1C46DFC4007337E93E155A8C, StartTime=2016.05.17-21.49.32, HierarchicalDDC=, DataSize=262403, Duration=122.868439, RunGuid=RunID799055DA4EA2F02DC3572EAE51815EBA
DDCTransactionId6B8024FF4279579488AEE09BF0EE4399_33, PutCachedData=, CacheKey=TEXTURE_814DCC3DC72143F49509781513CB9855_BC5_550B17DD4E4B41095ADB0B9395D1461E___F6B3843AA2C3552BF9BB3A9EC0F3D6FD4CAACDF1, StartTime=2016.05.17-21.49.32, HierarchicalDDC=, DataSize=65795, Duration=520.286804, RunGuid=RunID799055DA4EA2F02DC3572EAE51815EBA
DDCTransactionId6B8024FF4279579488AEE09BF0EE4399_34, PutCachedData=, CacheKey=TEXTURE_814DCC3DC72143F49509781513CB9855_BC5_550B17DD4E4B41095ADB0B9395D1461E___7C98BD541A8AEDBB90702D519DD62E0FECD22B3B, StartTime=2016.05.17-21.49.33, HierarchicalDDC=, DataSize=16643, Duration=260.042511, RunGuid=RunID799055DA4EA2F02DC3572EAE51815EBA
DDCTransactionId6B8024FF4279579488AEE09BF0EE4399_35, PutCachedData=, CacheKey=TEXTURE_814DCC3DC72143F49509781513CB9855_BC5_550B17DD4E4B41095ADB0B9395D1461E___6773721C977F58677E206A77EB5EB90606B07256, StartTime=2016.05.17-21.49.33, HierarchicalDDC=, DataSize=7468, Duration=126.839836, RunGuid=RunID799055DA4EA2F02DC3572EAE51815EBA
DDCTransactionId6B8024FF4279579488AEE09BF0EE4399_36, PutCachedData=, CacheKey=TEXTURE_814DCC3DC72143F49509781513CB9855_AutoDXT_49EBE4F9430B027F3639729C4CE02__4EE83C895828B45CA36D4968CBC323543A9A22B2, StartTime=2016.05.17-21.49.33, HierarchicalDDC=, DataSize=262407, Duration=134.989166, RunGuid=RunID799055DA4EA2F02DC3572EAE51815EBA
DDCTransactionId6B8024FF4279579488AEE09BF0EE4399_37, PutCachedData=, CacheKey=TEXTURE_814DCC3DC72143F49509781513CB9855_AutoDXT_49EBE4F9430B027F3639729C4CE02__349CA13B15B01E106858DDDD0E3E3396DA218D6D, StartTime=2016.05.17-21.49.33, HierarchicalDDC=, DataSize=65799, Duration=98.685608, RunGuid=RunID799055DA4EA2F02DC3572EAE51815EBA
DDCTransactionId6B8024FF4279579488AEE09BF0EE4399_38, PutCachedData=, CacheKey=TEXTURE_814DCC3DC72143F49509781513CB9855_AutoDXT_49EBE4F9430B027F3639729C4CE02__AC9285A4DAFDC0716DEF13130A9B06B3FE11A1AD, StartTime=2016.05.17-21.49.34, HierarchicalDDC=, DataSize=16647, Duration=194.525116, RunGuid=RunID799055DA4EA2F02DC3572EAE51815EBA
DDCTransactionId6B8024FF4279579488AEE09BF0EE4399_39, PutCachedData=, CacheKey=TEXTURE_814DCC3DC72143F49509781513CB9855_AutoDXT_49EBE4F9430B027F3639729C4CE02__6569745CA631A9E5DFDCBA9FC53A8671E25127CD, StartTime=2016.05.17-21.49.34, HierarchicalDDC=, DataSize=6899, Duration=107.009323, RunGuid=RunID799055DA4EA2F02DC3572EAE51815EBA
DDCTransactionId2C15252949465B7178E97397961FE6A1_7, BuildTexture=, CacheKey=TEXTURE_814DCC3DC72143F49509781513CB9855_BC5_0DABF3BE4A6A8F625DFAFDAD977CA77A_07_0000803F0000803F0000803F000000000000803F00000000000000000000803F00000000000000000200000001000000000000000100000000040000803FFFFFFFFF00000000FF00FF00FFFF8180803B, StartTime=2016.05.17-21.49.34, Duration=3812.666748, RunGuid=RunID799055DA4EA2F02DC3572EAE51815EBA
DDCTransactionId6B8024FF4279579488AEE09BF0EE4399_40, PutCachedData=, CacheKey=TEXTURE_814DCC3DC72143F49509781513CB9855_BC5_0DABF3BE4A6A8F625DFAFDAD977CA77A___668E0A9304D7DCE3BCD8EA51EE746D81F1236681, StartTime=2016.05.17-21.49.38, HierarchicalDDC=, DataSize=4194565, Duration=94.145180, RunGuid=RunID799055DA4EA2F02DC3572EAE51815EBA
DDCTransactionId6B8024FF4279579488AEE09BF0EE4399_41, PutCachedData=, CacheKey=TEXTURE_814DCC3DC72143F49509781513CB9855_BC5_0DABF3BE4A6A8F625DFAFDAD977CA77A___47F9858ECB7B24E496217985BE45708EE7A1D51E, StartTime=2016.05.17-21.49.38, HierarchicalDDC=, DataSize=1048837, Duration=221.836197, RunGuid=RunID799055DA4EA2F02DC3572EAE51815EBA
DDCTransactionId6B8024FF4279579488AEE09BF0EE4399_42, PutCachedData=, CacheKey=TEXTURE_814DCC3DC72143F49509781513CB9855_BC5_0DABF3BE4A6A8F625DFAFDAD977CA77A___0B8CB7F6E76602F8723E32D90A9FD1E79713D24D, StartTime=2016.05.17-21.49.38, HierarchicalDDC=, DataSize=262403, Duration=131.926132, RunGuid=RunID799055DA4EA2F02DC3572EAE51815EBA
DDCTransactionId6B8024FF4279579488AEE09BF0EE4399_43, PutCachedData=, CacheKey=TEXTURE_814DCC3DC72143F49509781513CB9855_BC5_0DABF3BE4A6A8F625DFAFDAD977CA77A___A5FAD70A3B307936EFFCF23930704256F7E25A2F, StartTime=2016.05.17-21.49.38, HierarchicalDDC=, DataSize=65795, Duration=174.132660, RunGuid=RunID799055DA4EA2F02DC3572EAE51815EBA
DDCTransactionId2C15252949465B7178E97397961FE6A1_8, BuildTexture=, CacheKey=TEXTURE_814DCC3DC72143F49509781513CB9855_AutoDXT_374BBFF1488B0927EDF3569329E63566_07_0000803F0000803F0000803F000000000000803F00000000000000000000803F00000000000000000200000001000000000000000101000000040000803FFFFFFFFF00000000FF00FF00FFFF8180803B, StartTime=2016.05.17-21.49.38, Duration=7756.456543, RunGuid=RunID799055DA4EA2F02DC3572EAE51815EBA
DDCTransactionId6B8024FF4279579488AEE09BF0EE4399_44, PutCachedData=, CacheKey=TEXTURE_814DCC3DC72143F49509781513CB9855_BC5_0DABF3BE4A6A8F625DFAFDAD977CA77A___CC0DB5C49F2BA771BFDE3E22FCBEF007087628AE, StartTime=2016.05.17-21.49.39, HierarchicalDDC=, DataSize=16643, Duration=231.489868, RunGuid=RunID799055DA4EA2F02DC3572EAE51815EBA
DDCTransactionId6B8024FF4279579488AEE09BF0EE4399_45, PutCachedData=, CacheKey=TEXTURE_814DCC3DC72143F49509781513CB9855_BC5_0DABF3BE4A6A8F625DFAFDAD977CA77A___3E9FB6A43D6FCDECB38330BE3784CAD88281BA18, StartTime=2016.05.17-21.49.39, HierarchicalDDC=, DataSize=7468, Duration=223.112732, RunGuid=RunID799055DA4EA2F02DC3572EAE51815EBA
DDCTransactionId6B8024FF4279579488AEE09BF0EE4399_46, PutCachedData=, CacheKey=TEXTURE_814DCC3DC72143F49509781513CB9855_AutoDXT_374BBFF1488B0927EDF3569329E63__5AB79279BEE68E603DA6198FEE21EE3F3AE84B70, StartTime=2016.05.17-21.49.46, HierarchicalDDC=, DataSize=4194569, Duration=320.186737, RunGuid=RunID799055DA4EA2F02DC3572EAE51815EBA
DDCTransactionId6B8024FF4279579488AEE09BF0EE4399_47, PutCachedData=, CacheKey=TEXTURE_814DCC3DC72143F49509781513CB9855_AutoDXT_374BBFF1488B0927EDF3569329E63__F7DB10929716B71F77DE621552F12AC3AD1E324E, StartTime=2016.05.17-21.49.47, HierarchicalDDC=, DataSize=1048841, Duration=164.012527, RunGuid=RunID799055DA4EA2F02DC3572EAE51815EBA
DDCTransactionId6B8024FF4279579488AEE09BF0EE4399_48, PutCachedData=, CacheKey=TEXTURE_814DCC3DC72143F49509781513CB9855_AutoDXT_374BBFF1488B0927EDF3569329E63__D3D9D45138D3F6A8DD2BF2C16E55D0DB0054A1FF, StartTime=2016.05.17-21.49.47, HierarchicalDDC=, DataSize=262407, Duration=79.640587, RunGuid=RunID799055DA4EA2F02DC3572EAE51815EBA
DDCTransactionId6B8024FF4279579488AEE09BF0EE4399_49, PutCachedData=, CacheKey=TEXTURE_814DCC3DC72143F49509781513CB9855_AutoDXT_374BBFF1488B0927EDF3569329E63__9AB91DA2D93FC77079769AF87BCDA3629DDACC5C, StartTime=2016.05.17-21.49.47, HierarchicalDDC=, DataSize=65799, Duration=109.426285, RunGuid=RunID799055DA4EA2F02DC3572EAE51815EBA
DDCTransactionId6B8024FF4279579488AEE09BF0EE4399_50, PutCachedData=, CacheKey=TEXTURE_814DCC3DC72143F49509781513CB9855_AutoDXT_374BBFF1488B0927EDF3569329E63__25EBEEE52518043FE8F68C916A2718BE716FA077, StartTime=2016.05.17-21.49.47, HierarchicalDDC=, DataSize=16647, Duration=120.352234, RunGuid=RunID799055DA4EA2F02DC3572EAE51815EBA
DDCTransactionId6B8024FF4279579488AEE09BF0EE4399_51, PutCachedData=, CacheKey=TEXTURE_814DCC3DC72143F49509781513CB9855_AutoDXT_374BBFF1488B0927EDF3569329E63__E0716957695E21434F0CBC5F768AF5EDD713A1EE, StartTime=2016.05.17-21.49.47, HierarchicalDDC=, DataSize=7493, Duration=76.542114, RunGuid=RunID799055DA4EA2F02DC3572EAE51815EBA
DDCTransactionId6B8024FF4279579488AEE09BF0EE4399_52, PutCachedData=, CacheKey=PhysX_1D9C17C451EA4FB88CB7A27536A65DB0_PhysXPC_C418824E4EA51B7ABCD164BCEEBBFBB__790FD0E002ADB86E90C7606AE12BDD1A6B04FC1F, StartTime=2016.05.17-21.49.51, HierarchicalDDC=, DataSize=15261, Duration=137.692047, RunGuid=RunID799055DA4EA2F02DC3572EAE51815EBA
DDCTransactionId6B8024FF4279579488AEE09BF0EE4399_53, PutCachedData=, CacheKey=NavCollision_B89838347A4348138EE337A847529C5C_NavCollision_X_C418824E4EA51B7AB__6F8920BE2BA6C3E595847FDD9E0C441C6B013D28, StartTime=2016.05.17-21.49.51, HierarchicalDDC=, DataSize=5902, Duration=33.948505, RunGuid=RunID799055DA4EA2F02DC3572EAE51815EBA
DDCTransactionId6B8024FF4279579488AEE09BF0EE4399_54, PutCachedData=, CacheKey=PhysX_1D9C17C451EA4FB88CB7A27536A65DB0_PhysXPC_20F4F1B74B83F5BF73219581AD95930A__1_0_13123_0, StartTime=2016.05.17-21.49.57, HierarchicalDDC=, DataSize=458, Duration=279.596069, RunGuid=RunID799055DA4EA2F02DC3572EAE51815EBA
DDCTransactionId6B8024FF4279579488AEE09BF0EE4399_55, PutCachedData=, CacheKey=PhysX_1D9C17C451EA4FB88CB7A27536A65DB0_PhysXPC_7B6910DF41DD37755365E48A64E886DE__1_0_13123_0, StartTime=2016.05.17-21.49.57, HierarchicalDDC=, DataSize=458, Duration=269.183380, RunGuid=RunID799055DA4EA2F02DC3572EAE51815EBA
DDCTransactionId2C15252949465B7178E97397961FE6A1_9, BuildTexture=, CacheKey=TEXTURE_814DCC3DC72143F49509781513CB9855_AutoDXT_C409C1294B25E0AC1B83D49B57315DF5_07_0000803F0000803F0000803F000000000000803F00000000000000000000803F0000000000000000020000000E000000000000000101000000040000803FFFFFFFFF00000000FF00FF00FFFF8180803B, StartTime=2016.05.17-21.49.58, Duration=6595.583008, RunGuid=RunID799055DA4EA2F02DC3572EAE51815EBA
DDCTransactionId6B8024FF4279579488AEE09BF0EE4399_56, PutCachedData=, CacheKey=TEXTURE_814DCC3DC72143F49509781513CB9855_AutoDXT_C409C1294B25E0AC1B83D49B57315__6113E1FC297A7F17F667DB6CE94019CE2BD07A9F, StartTime=2016.05.17-21.50.04, HierarchicalDDC=, DataSize=4194569, Duration=827.433594, RunGuid=RunID799055DA4EA2F02DC3572EAE51815EBA
DDCTransactionId2C15252949465B7178E97397961FE6A1_10, BuildTexture=, CacheKey=TEXTURE_814DCC3DC72143F49509781513CB9855_AutoDXT_1AD8C7A44576DD752D27BE9E43B897D3_07_0000803F0000803F0000803F000000000000803F00000000000000000000803F0000000000000000020000000E000000000000000101000000040000803FFFFFFFFF00000000FF00FF00FFFF8180803B, StartTime=2016.05.17-21.50.05, Duration=6414.614746, RunGuid=RunID799055DA4EA2F02DC3572EAE51815EBA
DDCTransactionId6B8024FF4279579488AEE09BF0EE4399_57, PutCachedData=, CacheKey=TEXTURE_814DCC3DC72143F49509781513CB9855_AutoDXT_C409C1294B25E0AC1B83D49B57315__10BED2E03DF21B7E0E2C2502392406DD15F0F206, StartTime=2016.05.17-21.50.05, HierarchicalDDC=, DataSize=1048841, Duration=509.852875, RunGuid=RunID799055DA4EA2F02DC3572EAE51815EBA
DDCTransactionId6B8024FF4279579488AEE09BF0EE4399_58, PutCachedData=, CacheKey=TEXTURE_814DCC3DC72143F49509781513CB9855_AutoDXT_C409C1294B25E0AC1B83D49B57315__631C9D5D214C2712481BB31DEE51AF46FC02A9FD, StartTime=2016.05.17-21.50.05, HierarchicalDDC=, DataSize=262407, Duration=935.333313, RunGuid=RunID799055DA4EA2F02DC3572EAE51815EBA
DDCTransactionId6B8024FF4279579488AEE09BF0EE4399_59, PutCachedData=, CacheKey=TEXTURE_814DCC3DC72143F49509781513CB9855_AutoDXT_C409C1294B25E0AC1B83D49B57315__1FD8AEF3F3A206D8BB942A10F099308524EA1B9E, StartTime=2016.05.17-21.50.06, HierarchicalDDC=, DataSize=65799, Duration=461.268372, RunGuid=RunID799055DA4EA2F02DC3572EAE51815EBA
DDCTransactionId6B8024FF4279579488AEE09BF0EE4399_60, PutCachedData=, CacheKey=TEXTURE_814DCC3DC72143F49509781513CB9855_AutoDXT_C409C1294B25E0AC1B83D49B57315__D2B8E9C68DDDA5F2B1BBF4D30E383980C78E238D, StartTime=2016.05.17-21.50.07, HierarchicalDDC=, DataSize=16647, Duration=254.781342, RunGuid=RunID799055DA4EA2F02DC3572EAE51815EBA
DDCTransactionId6B8024FF4279579488AEE09BF0EE4399_61, PutCachedData=, CacheKey=TEXTURE_814DCC3DC72143F49509781513CB9855_AutoDXT_C409C1294B25E0AC1B83D49B57315__FDC011C7483D673C60DEBD93DA06B41BFB62AEBB, StartTime=2016.05.17-21.50.07, HierarchicalDDC=, DataSize=7493, Duration=231.247406, RunGuid=RunID799055DA4EA2F02DC3572EAE51815EBA
DDCTransactionId6B8024FF4279579488AEE09BF0EE4399_62, PutCachedData=, CacheKey=TEXTURE_814DCC3DC72143F49509781513CB9855_AutoDXT_1AD8C7A44576DD752D27BE9E43B89__17D7C381A2A2F1DE2F37EF46CAC6320EEE15A554, StartTime=2016.05.17-21.50.11, HierarchicalDDC=, DataSize=4194569, Duration=316.737579, RunGuid=RunID799055DA4EA2F02DC3572EAE51815EBA
DDCTransactionId6B8024FF4279579488AEE09BF0EE4399_63, PutCachedData=, CacheKey=TEXTURE_814DCC3DC72143F49509781513CB9855_AutoDXT_1AD8C7A44576DD752D27BE9E43B89__43100C12CC607EB7B7432D7F94E431CA6D1857E8, StartTime=2016.05.17-21.50.11, HierarchicalDDC=, DataSize=1048841, Duration=53.372093, RunGuid=RunID799055DA4EA2F02DC3572EAE51815EBA
DDCTransactionId6B8024FF4279579488AEE09BF0EE4399_64, PutCachedData=, CacheKey=TEXTURE_814DCC3DC72143F49509781513CB9855_AutoDXT_1AD8C7A44576DD752D27BE9E43B89__B322B4142A62B304EEC3C77438581ED3AF91C11A, StartTime=2016.05.17-21.50.11, HierarchicalDDC=, DataSize=262407, Duration=286.871521, RunGuid=RunID799055DA4EA2F02DC3572EAE51815EBA
DDCTransactionId2C15252949465B7178E97397961FE6A1_11, BuildTexture=, CacheKey=TEXTURE_814DCC3DC72143F49509781513CB9855_AutoDXT_4B117E7D448DDC4C22C518BBFB56188D_07_0000803F0000803F0000803F000000000000803F00000000000000000000803F0000000000000000020000000E000000000000000101000000040000803FFFFFFFFF00000000FF00FF00FFFF8180803B, StartTime=2016.05.17-21.50.12, Duration=5857.655273, RunGuid=RunID799055DA4EA2F02DC3572EAE51815EBA
DDCTransactionId6B8024FF4279579488AEE09BF0EE4399_65, PutCachedData=, CacheKey=TEXTURE_814DCC3DC72143F49509781513CB9855_AutoDXT_1AD8C7A44576DD752D27BE9E43B89__3B0738C32181CAB1DD2738FB95040F0D82F14F46, StartTime=2016.05.17-21.50.12, HierarchicalDDC=, DataSize=65799, Duration=284.289612, RunGuid=RunID799055DA4EA2F02DC3572EAE51815EBA
DDCTransactionId6B8024FF4279579488AEE09BF0EE4399_66, PutCachedData=, CacheKey=TEXTURE_814DCC3DC72143F49509781513CB9855_AutoDXT_1AD8C7A44576DD752D27BE9E43B89__AA5EF3B23896D891E7A04D42C5C27627DF7A086A, StartTime=2016.05.17-21.50.12, HierarchicalDDC=, DataSize=16647, Duration=105.466232, RunGuid=RunID799055DA4EA2F02DC3572EAE51815EBA
DDCTransactionId6B8024FF4279579488AEE09BF0EE4399_67, PutCachedData=, CacheKey=TEXTURE_814DCC3DC72143F49509781513CB9855_AutoDXT_1AD8C7A44576DD752D27BE9E43B89__5EC546DBBAC5F88BBA0B2422DA8BC4A60876E8BB, StartTime=2016.05.17-21.50.12, HierarchicalDDC=, DataSize=7493, Duration=374.845734, RunGuid=RunID799055DA4EA2F02DC3572EAE51815EBA
DDCTransactionId6B8024FF4279579488AEE09BF0EE4399_68, PutCachedData=, CacheKey=TEXTURE_814DCC3DC72143F49509781513CB9855_AutoDXT_4B117E7D448DDC4C22C518BBFB561__A7DCB00E69977FC427CFC2A09D6F3A9AB192F0F7, StartTime=2016.05.17-21.50.17, HierarchicalDDC=, DataSize=4194569, Duration=162.278976, RunGuid=RunID799055DA4EA2F02DC3572EAE51815EBA
DDCTransactionId6B8024FF4279579488AEE09BF0EE4399_69, PutCachedData=, CacheKey=TEXTURE_814DCC3DC72143F49509781513CB9855_AutoDXT_4B117E7D448DDC4C22C518BBFB561__B7C7065FB11CEB635635200D25CF7D42C6760857, StartTime=2016.05.17-21.50.18, HierarchicalDDC=, DataSize=1048841, Duration=282.614197, RunGuid=RunID799055DA4EA2F02DC3572EAE51815EBA
DDCTransactionId6B8024FF4279579488AEE09BF0EE4399_70, PutCachedData=, CacheKey=TEXTURE_814DCC3DC72143F49509781513CB9855_AutoDXT_4B117E7D448DDC4C22C518BBFB561__D5BCCF5748BE77B91244C581B4D236DCE0844191, StartTime=2016.05.17-21.50.18, HierarchicalDDC=, DataSize=262407, Duration=383.782440, RunGuid=RunID799055DA4EA2F02DC3572EAE51815EBA
DDCTransactionId2C15252949465B7178E97397961FE6A1_12, BuildTexture=, CacheKey=TEXTURE_814DCC3DC72143F49509781513CB9855_AutoDXT_C5036C3547C97772ADC89FAED3B57D67_07_0000803F0000803F0000803F000000000000803F00000000000000000000803F0000000000000000020000000E000000000000000101000000040000803FFFFFFFFF00000000FF00FF00FFFF8180803B, StartTime=2016.05.17-21.50.18, Duration=4414.889160, RunGuid=RunID799055DA4EA2F02DC3572EAE51815EBA
DDCTransactionId6B8024FF4279579488AEE09BF0EE4399_71, PutCachedData=, CacheKey=TEXTURE_814DCC3DC72143F49509781513CB9855_AutoDXT_4B117E7D448DDC4C22C518BBFB561__7307913E22E9EC0D35010800899BCDB528BA8007, StartTime=2016.05.17-21.50.18, HierarchicalDDC=, DataSize=65799, Duration=157.369904, RunGuid=RunID799055DA4EA2F02DC3572EAE51815EBA
DDCTransactionId6B8024FF4279579488AEE09BF0EE4399_72, PutCachedData=, CacheKey=TEXTURE_814DCC3DC72143F49509781513CB9855_AutoDXT_4B117E7D448DDC4C22C518BBFB561__3D46C9013BDEAA3BA211888CBBBC95BFD942C45F, StartTime=2016.05.17-21.50.18, HierarchicalDDC=, DataSize=16647, Duration=278.555359, RunGuid=RunID799055DA4EA2F02DC3572EAE51815EBA
DDCTransactionId6B8024FF4279579488AEE09BF0EE4399_73, PutCachedData=, CacheKey=TEXTURE_814DCC3DC72143F49509781513CB9855_AutoDXT_4B117E7D448DDC4C22C518BBFB561__37CF78FDCF2AFB865B031E88A0BA72BEAE8EEEDD, StartTime=2016.05.17-21.50.19, HierarchicalDDC=, DataSize=7493, Duration=151.559555, RunGuid=RunID799055DA4EA2F02DC3572EAE51815EBA
DDCTransactionId6B8024FF4279579488AEE09BF0EE4399_74, PutCachedData=, CacheKey=TEXTURE_814DCC3DC72143F49509781513CB9855_AutoDXT_C5036C3547C97772ADC89FAED3B57__BE2C1211AF81FA7211C06B54F1BDC2A3E1247533, StartTime=2016.05.17-21.50.22, HierarchicalDDC=, DataSize=4194569, Duration=168.989655, RunGuid=RunID799055DA4EA2F02DC3572EAE51815EBA
DDCTransactionId6B8024FF4279579488AEE09BF0EE4399_75, PutCachedData=, CacheKey=TEXTURE_814DCC3DC72143F49509781513CB9855_AutoDXT_C5036C3547C97772ADC89FAED3B57__31B3E2A43EA5212889D2D11970523B90C5F7C3DE, StartTime=2016.05.17-21.50.23, HierarchicalDDC=, DataSize=1048841, Duration=114.074944, RunGuid=RunID799055DA4EA2F02DC3572EAE51815EBA
DDCTransactionId6B8024FF4279579488AEE09BF0EE4399_76, PutCachedData=, CacheKey=TEXTURE_814DCC3DC72143F49509781513CB9855_AutoDXT_C5036C3547C97772ADC89FAED3B57__64748AEE285BB2176156ACC1500B48C55FF5B36E, StartTime=2016.05.17-21.50.23, HierarchicalDDC=, DataSize=262407, Duration=380.160797, RunGuid=RunID799055DA4EA2F02DC3572EAE51815EBA
DDCTransactionId6B8024FF4279579488AEE09BF0EE4399_77, PutCachedData=, CacheKey=TEXTURE_814DCC3DC72143F49509781513CB9855_AutoDXT_C5036C3547C97772ADC89FAED3B57__CF6D7146CA48595674097E74DACD18114E89B97F, StartTime=2016.05.17-21.50.23, HierarchicalDDC=, DataSize=65799, Duration=512.190918, RunGuid=RunID799055DA4EA2F02DC3572EAE51815EBA
DDCTransactionId2C15252949465B7178E97397961FE6A1_13, BuildTexture=, CacheKey=TEXTURE_814DCC3DC72143F49509781513CB9855_AutoDXT_1087B6A04851462EE444D8A4D9571080_07_0000803F0000803F0000803F000000000000803F00000000000000000000803F0000000000000000020000000E000000000000000101000000040000803FFFFFFFFF00000000FF00FF00FFFF8180803B, StartTime=2016.05.17-21.50.23, Duration=11398.882813, RunGuid=RunID799055DA4EA2F02DC3572EAE51815EBA
DDCTransactionId6B8024FF4279579488AEE09BF0EE4399_78, PutCachedData=, CacheKey=TEXTURE_814DCC3DC72143F49509781513CB9855_AutoDXT_C5036C3547C97772ADC89FAED3B57__631CB12E7D51A0C41B4D5A00260E2759B46E37A6, StartTime=2016.05.17-21.50.24, HierarchicalDDC=, DataSize=16647, Duration=163.512024, RunGuid=RunID799055DA4EA2F02DC3572EAE51815EBA
DDCTransactionId6B8024FF4279579488AEE09BF0EE4399_79, PutCachedData=, CacheKey=TEXTURE_814DCC3DC72143F49509781513CB9855_AutoDXT_C5036C3547C97772ADC89FAED3B57__77D193530177F28C3DED7DBD53C5E42F8C28D1D6, StartTime=2016.05.17-21.50.24, HierarchicalDDC=, DataSize=7493, Duration=241.320282, RunGuid=RunID799055DA4EA2F02DC3572EAE51815EBA
DDCTransactionId6B8024FF4279579488AEE09BF0EE4399_80, PutCachedData=, CacheKey=TEXTURE_814DCC3DC72143F49509781513CB9855_AutoDXT_1087B6A04851462EE444D8A4D9571__10A8DF88F8FBE47E0BB49CF7B8E7EEB7BBB0ECBC, StartTime=2016.05.17-21.50.35, HierarchicalDDC=, DataSize=4194569, Duration=251.092575, RunGuid=RunID799055DA4EA2F02DC3572EAE51815EBA
DDCTransactionId6B8024FF4279579488AEE09BF0EE4399_81, PutCachedData=, CacheKey=TEXTURE_814DCC3DC72143F49509781513CB9855_AutoDXT_1087B6A04851462EE444D8A4D9571__F94C82A0C73745D27F54C8370C2ABD992FA3B7DB, StartTime=2016.05.17-21.50.35, HierarchicalDDC=, DataSize=1048841, Duration=112.339493, RunGuid=RunID799055DA4EA2F02DC3572EAE51815EBA
DDCTransactionId6B8024FF4279579488AEE09BF0EE4399_82, PutCachedData=, CacheKey=TEXTURE_814DCC3DC72143F49509781513CB9855_AutoDXT_1087B6A04851462EE444D8A4D9571__B54E77528976014D85646C8AB6B789BAD3FD5098, StartTime=2016.05.17-21.50.35, HierarchicalDDC=, DataSize=262407, Duration=223.302734, RunGuid=RunID799055DA4EA2F02DC3572EAE51815EBA
DDCTransactionId6B8024FF4279579488AEE09BF0EE4399_83, PutCachedData=, CacheKey=TEXTURE_814DCC3DC72143F49509781513CB9855_AutoDXT_1087B6A04851462EE444D8A4D9571__A824C883B5234195C7C1C3955E825BCDCF82D7BD, StartTime=2016.05.17-21.50.35, HierarchicalDDC=, DataSize=65799, Duration=70.839996, RunGuid=RunID799055DA4EA2F02DC3572EAE51815EBA
DDCTransactionId6B8024FF4279579488AEE09BF0EE4399_84, PutCachedData=, CacheKey=TEXTURE_814DCC3DC72143F49509781513CB9855_AutoDXT_1087B6A04851462EE444D8A4D9571__6DB176C177582286816D562FAF47AFA126A78364, StartTime=2016.05.17-21.50.35, HierarchicalDDC=, DataSize=16647, Duration=152.755753, RunGuid=RunID799055DA4EA2F02DC3572EAE51815EBA
DDCTransactionId6B8024FF4279579488AEE09BF0EE4399_85, PutCachedData=, CacheKey=TEXTURE_814DCC3DC72143F49509781513CB9855_AutoDXT_1087B6A04851462EE444D8A4D9571__080573C5E84F84DB03FAE63A6987CDA0391E9030, StartTime=2016.05.17-21.50.36, HierarchicalDDC=, DataSize=7493, Duration=159.530716, RunGuid=RunID799055DA4EA2F02DC3572EAE51815EBA
DDCTransactionId2C15252949465B7178E97397961FE6A1_14, BuildTexture=, CacheKey=TEXTURE_814DCC3DC72143F49509781513CB9855_AutoDXT_1184DFC745371C2B053BCA902F71EC27_07_0000803F0000803F0000803F000000000000803F00000000000000000000803F0000000000000000020000000E000000000000000101000000040000803FFFFFFFFF00000000FF00FF00FFFF8180803B, StartTime=2016.05.17-21.50.36, Duration=12713.690430, RunGuid=RunID799055DA4EA2F02DC3572EAE51815EBA
DDCTransactionId6B8024FF4279579488AEE09BF0EE4399_86, PutCachedData=, CacheKey=TEXTURE_814DCC3DC72143F49509781513CB9855_AutoDXT_1184DFC745371C2B053BCA902F71E__4FC15E0430F2BE29161332ACCFA10D3E1E6C1172, StartTime=2016.05.17-21.50.48, HierarchicalDDC=, DataSize=4194569, Duration=517.877441, RunGuid=RunID799055DA4EA2F02DC3572EAE51815EBA
DDCTransactionId6B8024FF4279579488AEE09BF0EE4399_87, PutCachedData=, CacheKey=TEXTURE_814DCC3DC72143F49509781513CB9855_AutoDXT_1184DFC745371C2B053BCA902F71E__CD5FF01F9C67A312B3668EE774766A4D4A0A1DF2, StartTime=2016.05.17-21.50.49, HierarchicalDDC=, DataSize=1048841, Duration=393.519287, RunGuid=RunID799055DA4EA2F02DC3572EAE51815EBA
DDCTransactionId2C15252949465B7178E97397961FE6A1_15, BuildTexture=, CacheKey=TEXTURE_814DCC3DC72143F49509781513CB9855_AutoDXT_565E1A6946F4EB29DE07388056AE4197_07_0000803F0000803F0000803F000000000000803F00000000000000000000803F0000000000000000020000000E000000000000000101000000040000803FFFFFFFFF00000000FF00FF00FFFF8180803B, StartTime=2016.05.17-21.50.49, Duration=10964.742188, RunGuid=RunID799055DA4EA2F02DC3572EAE51815EBA
DDCTransactionId6B8024FF4279579488AEE09BF0EE4399_88, PutCachedData=, CacheKey=TEXTURE_814DCC3DC72143F49509781513CB9855_AutoDXT_1184DFC745371C2B053BCA902F71E__8E9714FBC293F9C4DD2D5A948329B3CE007E764B, StartTime=2016.05.17-21.50.49, HierarchicalDDC=, DataSize=262407, Duration=782.082275, RunGuid=RunID799055DA4EA2F02DC3572EAE51815EBA
DDCTransactionId6B8024FF4279579488AEE09BF0EE4399_89, PutCachedData=, CacheKey=TEXTURE_814DCC3DC72143F49509781513CB9855_AutoDXT_1184DFC745371C2B053BCA902F71E__6362AE3ACFBE1DA8B1F05D7733CBCFF9501F63C7, StartTime=2016.05.17-21.50.50, HierarchicalDDC=, DataSize=65799, Duration=335.438049, RunGuid=RunID799055DA4EA2F02DC3572EAE51815EBA
DDCTransactionId6B8024FF4279579488AEE09BF0EE4399_90, PutCachedData=, CacheKey=TEXTURE_814DCC3DC72143F49509781513CB9855_AutoDXT_1184DFC745371C2B053BCA902F71E__F0FA1D65338186E2133F378A60EF2D3B8269321B, StartTime=2016.05.17-21.50.50, HierarchicalDDC=, DataSize=16647, Duration=582.059692, RunGuid=RunID799055DA4EA2F02DC3572EAE51815EBA
DDCTransactionId6B8024FF4279579488AEE09BF0EE4399_91, PutCachedData=, CacheKey=TEXTURE_814DCC3DC72143F49509781513CB9855_AutoDXT_1184DFC745371C2B053BCA902F71E__30DF33A84242BBDA68583E0A0A0689637F7B9173, StartTime=2016.05.17-21.50.51, HierarchicalDDC=, DataSize=7493, Duration=620.057556, RunGuid=RunID799055DA4EA2F02DC3572EAE51815EBA
DDCTransactionId6B8024FF4279579488AEE09BF0EE4399_92, PutCachedData=, CacheKey=TEXTURE_814DCC3DC72143F49509781513CB9855_AutoDXT_565E1A6946F4EB29DE07388056AE4__85BA26F26A72ED641DC69997CA8FB9630871D15E, StartTime=2016.05.17-21.51.00, HierarchicalDDC=, DataSize=4194569, Duration=1306.632568, RunGuid=RunID799055DA4EA2F02DC3572EAE51815EBA
DDCTransactionId2C15252949465B7178E97397961FE6A1_16, BuildTexture=, CacheKey=TEXTURE_814DCC3DC72143F49509781513CB9855_AutoDXT_250C97404DCBE0199F9BC4934913B9EE_07_0000803F0000803F0000803F000000000000803F00000000000000000000803F0000000000000000020000000E000000000000000101000000040000803FFFFFFFFF00000000FF00FF00FFFF8180803B, StartTime=2016.05.17-21.51.00, Duration=1.114905, RunGuid=RunID799055DA4EA2F02DC3572EAE51815EBA
DDCTransactionId2C15252949465B7178E97397961FE6A1_17, BuildTexture=, CacheKey=TEXTURE_814DCC3DC72143F49509781513CB9855_DXT1_F0FA633E4C413B1A4D969094A4A8A338_07_0000803F0000803F0000803F000000000000803F00000000000000000000803F0000000000000000020000000E000000000000000101000000040000803FFFFFFFFF00000000FF00FF00FFFF8180803B, StartTime=2016.05.17-21.51.00, Duration=4871.622559, RunGuid=RunID799055DA4EA2F02DC3572EAE51815EBA
DDCTransactionId6B8024FF4279579488AEE09BF0EE4399_93, PutCachedData=, CacheKey=TEXTURE_814DCC3DC72143F49509781513CB9855_AutoDXT_565E1A6946F4EB29DE07388056AE4__A3EA77869D49D7431AB0CBB3FBC800F0BE28FDB9, StartTime=2016.05.17-21.51.01, HierarchicalDDC=, DataSize=1048841, Duration=10.018997, RunGuid=RunID799055DA4EA2F02DC3572EAE51815EBA
DDCTransactionId6B8024FF4279579488AEE09BF0EE4399_94, PutCachedData=, CacheKey=TEXTURE_814DCC3DC72143F49509781513CB9855_AutoDXT_565E1A6946F4EB29DE07388056AE4__802BB400EFE6767FDB300AA2F4B3C9818E95BB4C, StartTime=2016.05.17-21.51.01, HierarchicalDDC=, DataSize=262407, Duration=994.535156, RunGuid=RunID799055DA4EA2F02DC3572EAE51815EBA
DDCTransactionId6B8024FF4279579488AEE09BF0EE4399_95, PutCachedData=, CacheKey=TEXTURE_814DCC3DC72143F49509781513CB9855_AutoDXT_565E1A6946F4EB29DE07388056AE4__55BF66C8942C0260AA8807CC3AACBC3C449CC31A, StartTime=2016.05.17-21.51.02, HierarchicalDDC=, DataSize=65799, Duration=751.584351, RunGuid=RunID799055DA4EA2F02DC3572EAE51815EBA
DDCTransactionId6B8024FF4279579488AEE09BF0EE4399_96, PutCachedData=, CacheKey=TEXTURE_814DCC3DC72143F49509781513CB9855_AutoDXT_565E1A6946F4EB29DE07388056AE4__D13C95520720A22FCE15208CBB179AA9E525CEE5, StartTime=2016.05.17-21.51.03, HierarchicalDDC=, DataSize=16647, Duration=797.366699, RunGuid=RunID799055DA4EA2F02DC3572EAE51815EBA
DDCTransactionId6B8024FF4279579488AEE09BF0EE4399_97, PutCachedData=, CacheKey=TEXTURE_814DCC3DC72143F49509781513CB9855_AutoDXT_565E1A6946F4EB29DE07388056AE4__EEE2A7288ABBF425961590873948FA0F1ECD39A4, StartTime=2016.05.17-21.51.04, HierarchicalDDC=, DataSize=7493, Duration=0.356354, RunGuid=RunID799055DA4EA2F02DC3572EAE51815EBA
DDCTransactionId6B8024FF4279579488AEE09BF0EE4399_98, PutCachedData=, CacheKey=TEXTURE_814DCC3DC72143F49509781513CB9855_AutoDXT_250C97404DCBE0199F9BC4934913B__8B94F6987A2222648ED8EB11E8520ADC6A6BCC68, StartTime=2016.05.17-21.51.04, HierarchicalDDC=, DataSize=6014, Duration=665.581360, RunGuid=RunID799055DA4EA2F02DC3572EAE51815EBA
DDCTransactionId6B8024FF4279579488AEE09BF0EE4399_99, PutCachedData=, CacheKey=TEXTURE_814DCC3DC72143F49509781513CB9855_DXT1_F0FA633E4C413B1A4D969094A4A8A338__C974BD85E73526448055D179889B359196266810, StartTime=2016.05.17-21.51.04, HierarchicalDDC=, DataSize=2097414, Duration=779.202637, RunGuid=RunID799055DA4EA2F02DC3572EAE51815EBA
DDCTransactionId6B8024FF4279579488AEE09BF0EE4399_100, PutCachedData=, CacheKey=TEXTURE_814DCC3DC72143F49509781513CB9855_DXT1_F0FA633E4C413B1A4D969094A4A8A338__35BBD8D18BD12EC2B5FC009318DBAE15ACC5B655, StartTime=2016.05.17-21.51.05, HierarchicalDDC=, DataSize=524550, Duration=971.234192, RunGuid=RunID799055DA4EA2F02DC3572EAE51815EBA
DDCTransactionId2C15252949465B7178E97397961FE6A1_18, BuildTexture=, CacheKey=TEXTURE_814DCC3DC72143F49509781513CB9855_DXT1_8BF4431B48E9790387575E9F69B33BD1_07_0000803F0000803F0000803F000000000000803F00000000000000000000803F0000000000000000020000000E000000000000000101000000040000803FFFFFFFFF00000000FF00FF00FFFF8180803B, StartTime=2016.05.17-21.51.06, Duration=3076.140381, RunGuid=RunID799055DA4EA2F02DC3572EAE51815EBA
DDCTransactionId6B8024FF4279579488AEE09BF0EE4399_101, PutCachedData=, CacheKey=TEXTURE_814DCC3DC72143F49509781513CB9855_DXT1_F0FA633E4C413B1A4D969094A4A8A338__D82C19FBDE0AF8DAEF4E0379779C90F5C60A8BDB, StartTime=2016.05.17-21.51.06, HierarchicalDDC=, DataSize=131332, Duration=0.596441, RunGuid=RunID799055DA4EA2F02DC3572EAE51815EBA
DDCTransactionId6B8024FF4279579488AEE09BF0EE4399_102, PutCachedData=, CacheKey=TEXTURE_814DCC3DC72143F49509781513CB9855_DXT1_F0FA633E4C413B1A4D969094A4A8A338__209A0DA6B1CF09735678E0C2F1E9AE3602F7F5CE, StartTime=2016.05.17-21.51.06, HierarchicalDDC=, DataSize=33028, Duration=2183.587891, RunGuid=RunID799055DA4EA2F02DC3572EAE51815EBA
DDCTransactionId6B8024FF4279579488AEE09BF0EE4399_103, PutCachedData=, CacheKey=TEXTURE_814DCC3DC72143F49509781513CB9855_DXT1_F0FA633E4C413B1A4D969094A4A8A338__C0903099E132A242175DE9A5DC86B64FB449A034, StartTime=2016.05.17-21.51.08, HierarchicalDDC=, DataSize=8452, Duration=1723.026978, RunGuid=RunID799055DA4EA2F02DC3572EAE51815EBA
DDCTransactionId2C15252949465B7178E97397961FE6A1_19, BuildTexture=, CacheKey=TEXTURE_814DCC3DC72143F49509781513CB9855_DXT1_1C902717490C0A92EAA7F7957FEBF951_07_0000803F0000803F0000803F000000000000803F00000000000000000000803F0000000000000000020000000E000000000000000101000000040000803FFFFFFFFF00000000FF00FF00FFFF8180803B, StartTime=2016.05.17-21.51.09, Duration=2219.055908, RunGuid=RunID799055DA4EA2F02DC3572EAE51815EBA
DDCTransactionId6B8024FF4279579488AEE09BF0EE4399_104, PutCachedData=, CacheKey=TEXTURE_814DCC3DC72143F49509781513CB9855_DXT1_F0FA633E4C413B1A4D969094A4A8A338__5975E572D0B4DB2363CF25F9FF95B1E5B792A8DA, StartTime=2016.05.17-21.51.10, HierarchicalDDC=, DataSize=4731, Duration=0.186212, RunGuid=RunID799055DA4EA2F02DC3572EAE51815EBA
DDCTransactionId6B8024FF4279579488AEE09BF0EE4399_105, PutCachedData=, CacheKey=TEXTURE_814DCC3DC72143F49509781513CB9855_DXT1_8BF4431B48E9790387575E9F69B33BD1__3E8B7C720E99DA51242C187C199504F8EF8C1D78, StartTime=2016.05.17-21.51.10, HierarchicalDDC=, DataSize=2097414, Duration=1282.829224, RunGuid=RunID799055DA4EA2F02DC3572EAE51815EBA
DDCTransactionId6B8024FF4279579488AEE09BF0EE4399_106, PutCachedData=, CacheKey=TEXTURE_814DCC3DC72143F49509781513CB9855_DXT1_8BF4431B48E9790387575E9F69B33BD1__DA5C475D05F414692959480A5CACE2CA1C68ED02, StartTime=2016.05.17-21.51.11, HierarchicalDDC=, DataSize=524550, Duration=644.753174, RunGuid=RunID799055DA4EA2F02DC3572EAE51815EBA
DDCTransactionId2C15252949465B7178E97397961FE6A1_20, BuildTexture=, CacheKey=TEXTURE_814DCC3DC72143F49509781513CB9855_DXT1_26068A5F4A659FBC97C126BEBD906070_07_0000803F0000803F0000803F000000000000803F00000000000000000000803F0000000000000000020000000E000000000000000101000000040000803FFFFFFFFF00000000FF00FF00FFFF8180803B, StartTime=2016.05.17-21.51.12, Duration=2255.213379, RunGuid=RunID799055DA4EA2F02DC3572EAE51815EBA
DDCTransactionId6B8024FF4279579488AEE09BF0EE4399_107, PutCachedData=, CacheKey=TEXTURE_814DCC3DC72143F49509781513CB9855_DXT1_8BF4431B48E9790387575E9F69B33BD1__28C081186D79FF05EDA96C8FF4F14B4D9B94947B, StartTime=2016.05.17-21.51.12, HierarchicalDDC=, DataSize=131332, Duration=2383.868896, RunGuid=RunID799055DA4EA2F02DC3572EAE51815EBA
DDCTransactionId6B8024FF4279579488AEE09BF0EE4399_108, PutCachedData=, CacheKey=TEXTURE_814DCC3DC72143F49509781513CB9855_DXT1_8BF4431B48E9790387575E9F69B33BD1__6FE1E1866B0CAAFAB5E865E52875996D452D6004, StartTime=2016.05.17-21.51.15, HierarchicalDDC=, DataSize=33028, Duration=680.443726, RunGuid=RunID799055DA4EA2F02DC3572EAE51815EBA
DDCTransactionId2C15252949465B7178E97397961FE6A1_21, BuildTexture=, CacheKey=TEXTURE_814DCC3DC72143F49509781513CB9855_DXT1_7BC543194B93CBD86F8EE38F8EA67244_07_0000803F0000803F0000803F000000000000803F00000000000000000000803F0000000000000000020000000E000000000000000101000000040000803FFFFFFFFF00000000FF00FF00FFFF8180803B, StartTime=2016.05.17-21.51.15, Duration=3860.509277, RunGuid=RunID799055DA4EA2F02DC3572EAE51815EBA
DDCTransactionId6B8024FF4279579488AEE09BF0EE4399_109, PutCachedData=, CacheKey=TEXTURE_814DCC3DC72143F49509781513CB9855_DXT1_8BF4431B48E9790387575E9F69B33BD1__1B444212473F473A463697C3CE325F603DFAC33C, StartTime=2016.05.17-21.51.15, HierarchicalDDC=, DataSize=8452, Duration=1374.710083, RunGuid=RunID799055DA4EA2F02DC3572EAE51815EBA
DDCTransactionId6B8024FF4279579488AEE09BF0EE4399_110, PutCachedData=, CacheKey=TEXTURE_814DCC3DC72143F49509781513CB9855_DXT1_8BF4431B48E9790387575E9F69B33BD1__91B013CB71A4D709E0291E994BEF1C36F889ED02, StartTime=2016.05.17-21.51.17, HierarchicalDDC=, DataSize=4731, Duration=342.655365, RunGuid=RunID799055DA4EA2F02DC3572EAE51815EBA
DDCTransactionId6B8024FF4279579488AEE09BF0EE4399_111, PutCachedData=, CacheKey=TEXTURE_814DCC3DC72143F49509781513CB9855_DXT1_1C902717490C0A92EAA7F7957FEBF951__4E1C01935BA10A634F11A34C38FC10CE567FF11F, StartTime=2016.05.17-21.51.17, HierarchicalDDC=, DataSize=2097414, Duration=2169.311035, RunGuid=RunID799055DA4EA2F02DC3572EAE51815EBA
DDCTransactionId2C15252949465B7178E97397961FE6A1_22, BuildTexture=, CacheKey=TEXTURE_814DCC3DC72143F49509781513CB9855_DXT1_138A37284987A0D8B32347A084C3F0FF_07_0000803F0000803F0000803F000000000000803F00000000000000000000803F0000000000000000020000000E000000000000000101000000040000803FFFFFFFFF00000000FF00FF00FFFF8180803B, StartTime=2016.05.17-21.51.19, Duration=2788.708740, RunGuid=RunID799055DA4EA2F02DC3572EAE51815EBA
DDCTransactionId6B8024FF4279579488AEE09BF0EE4399_112, PutCachedData=, CacheKey=TEXTURE_814DCC3DC72143F49509781513CB9855_DXT1_1C902717490C0A92EAA7F7957FEBF951__8DF4F7CFFBA2B92839B78041215E2FF14C10CF84, StartTime=2016.05.17-21.51.19, HierarchicalDDC=, DataSize=524550, Duration=3.043648, RunGuid=RunID799055DA4EA2F02DC3572EAE51815EBA
DDCTransactionId6B8024FF4279579488AEE09BF0EE4399_113, PutCachedData=, CacheKey=TEXTURE_814DCC3DC72143F49509781513CB9855_DXT1_1C902717490C0A92EAA7F7957FEBF951__D1506F1FF2A7BC9B7097DAA9870873BDB2EA7E7C, StartTime=2016.05.17-21.51.19, HierarchicalDDC=, DataSize=131332, Duration=1373.187866, RunGuid=RunID799055DA4EA2F02DC3572EAE51815EBA
DDCTransactionId6B8024FF4279579488AEE09BF0EE4399_114, PutCachedData=, CacheKey=TEXTURE_814DCC3DC72143F49509781513CB9855_DXT1_1C902717490C0A92EAA7F7957FEBF951__8A57A908382539D856C88B4F13037880DE981C5D, StartTime=2016.05.17-21.51.20, HierarchicalDDC=, DataSize=33028, Duration=0.296332, RunGuid=RunID799055DA4EA2F02DC3572EAE51815EBA
DDCTransactionId6B8024FF4279579488AEE09BF0EE4399_115, PutCachedData=, CacheKey=TEXTURE_814DCC3DC72143F49509781513CB9855_DXT1_1C902717490C0A92EAA7F7957FEBF951__2C001A00CFD2257410895E4883543E4597FAD46A, StartTime=2016.05.17-21.51.20, HierarchicalDDC=, DataSize=8452, Duration=1598.896118, RunGuid=RunID799055DA4EA2F02DC3572EAE51815EBA
DDCTransactionId2C15252949465B7178E97397961FE6A1_23, BuildTexture=, CacheKey=TEXTURE_814DCC3DC72143F49509781513CB9855_DXT1_362ABF464B82526874A723B8D7C94A24_07_0000803F0000803F0000803F000000000000803F00000000000000000000803F0000000000000000020000000E000000000000000101000000040000803FFFFFFFFF00000000FF00FF00FFFF8180803B, StartTime=2016.05.17-21.51.22, Duration=4250.874512, RunGuid=RunID799055DA4EA2F02DC3572EAE51815EBA
DDCTransactionId6B8024FF4279579488AEE09BF0EE4399_116, PutCachedData=, CacheKey=TEXTURE_814DCC3DC72143F49509781513CB9855_DXT1_1C902717490C0A92EAA7F7957FEBF951__A9A1CB44E7344CA6A1093736DCF701AD6D78702C, StartTime=2016.05.17-21.51.22, HierarchicalDDC=, DataSize=4731, Duration=0.182904, RunGuid=RunID799055DA4EA2F02DC3572EAE51815EBA
DDCTransactionId6B8024FF4279579488AEE09BF0EE4399_117, PutCachedData=, CacheKey=TEXTURE_814DCC3DC72143F49509781513CB9855_DXT1_26068A5F4A659FBC97C126BEBD906070__6C678CFA72BFA76CBD843B7DE229E382E9B7FEC3, StartTime=2016.05.17-21.51.22, HierarchicalDDC=, DataSize=2097414, Duration=662.231018, RunGuid=RunID799055DA4EA2F02DC3572EAE51815EBA
DDCTransactionId6B8024FF4279579488AEE09BF0EE4399_118, PutCachedData=, CacheKey=TEXTURE_814DCC3DC72143F49509781513CB9855_DXT1_26068A5F4A659FBC97C126BEBD906070__3CD287346AD249D391F1FCCF5C506D11AF114C7D, StartTime=2016.05.17-21.51.23, HierarchicalDDC=, DataSize=524550, Duration=789.140320, RunGuid=RunID799055DA4EA2F02DC3572EAE51815EBA
DDCTransactionId6B8024FF4279579488AEE09BF0EE4399_119, PutCachedData=, CacheKey=TEXTURE_814DCC3DC72143F49509781513CB9855_DXT1_26068A5F4A659FBC97C126BEBD906070__9EBD233AE15E2E71A28A6E6308BDF5C5D7C5BCFE, StartTime=2016.05.17-21.51.24, HierarchicalDDC=, DataSize=131332, Duration=1138.343750, RunGuid=RunID799055DA4EA2F02DC3572EAE51815EBA
DDCTransactionId6B8024FF4279579488AEE09BF0EE4399_120, PutCachedData=, CacheKey=TEXTURE_814DCC3DC72143F49509781513CB9855_DXT1_26068A5F4A659FBC97C126BEBD906070__FD01DAFFDAD1EABC39A5A08EC04618E30EB2577D, StartTime=2016.05.17-21.51.25, HierarchicalDDC=, DataSize=33028, Duration=1.082290, RunGuid=RunID799055DA4EA2F02DC3572EAE51815EBA
DDCTransactionId6B8024FF4279579488AEE09BF0EE4399_121, PutCachedData=, CacheKey=TEXTURE_814DCC3DC72143F49509781513CB9855_DXT1_26068A5F4A659FBC97C126BEBD906070__87C655141BB89861F03137D4FAB031DC3CF2B336, StartTime=2016.05.17-21.51.25, HierarchicalDDC=, DataSize=8452, Duration=458.103271, RunGuid=RunID799055DA4EA2F02DC3572EAE51815EBA
DDCTransactionId6B8024FF4279579488AEE09BF0EE4399_122, PutCachedData=, CacheKey=TEXTURE_814DCC3DC72143F49509781513CB9855_DXT1_26068A5F4A659FBC97C126BEBD906070__87212FE021D6225C575A54BD2B3074A7C74D9BEA, StartTime=2016.05.17-21.51.25, HierarchicalDDC=, DataSize=4731, Duration=0.327524, RunGuid=RunID799055DA4EA2F02DC3572EAE51815EBA
DDCTransactionId6B8024FF4279579488AEE09BF0EE4399_123, PutCachedData=, CacheKey=TEXTURE_814DCC3DC72143F49509781513CB9855_DXT1_7BC543194B93CBD86F8EE38F8EA67244__A81C3EA529AC8EF289388ACEFBFFD9CFBEAD4644, StartTime=2016.05.17-21.51.25, HierarchicalDDC=, DataSize=2097414, Duration=698.992554, RunGuid=RunID799055DA4EA2F02DC3572EAE51815EBA
DDCTransactionId6B8024FF4279579488AEE09BF0EE4399_124, PutCachedData=, CacheKey=TEXTURE_814DCC3DC72143F49509781513CB9855_DXT1_7BC543194B93CBD86F8EE38F8EA67244__CC1A0B5FCA344F8BA9A44CDA750C3321E7F45A6A, StartTime=2016.05.17-21.51.26, HierarchicalDDC=, DataSize=524550, Duration=1.602169, RunGuid=RunID799055DA4EA2F02DC3572EAE51815EBA
DDCTransactionId6B8024FF4279579488AEE09BF0EE4399_125, PutCachedData=, CacheKey=TEXTURE_814DCC3DC72143F49509781513CB9855_DXT1_7BC543194B93CBD86F8EE38F8EA67244__5D66306A63FF039D14E186FCBA01D5DADBB5CCE4, StartTime=2016.05.17-21.51.26, HierarchicalDDC=, DataSize=131332, Duration=712.281555, RunGuid=RunID799055DA4EA2F02DC3572EAE51815EBA
DDCTransactionId2C15252949465B7178E97397961FE6A1_24, BuildTexture=, CacheKey=TEXTURE_814DCC3DC72143F49509781513CB9855_DXT1_9D3441914193390948EB54B63734E881_07_0000803F0000803F0000803F000000000000803F00000000000000000000803F0000000000000000020000000E000000000000000101000000040000803FFFFFFFFF00000000FF00FF00FFFF8180803B, StartTime=2016.05.17-21.51.26, Duration=14.710184, RunGuid=RunID799055DA4EA2F02DC3572EAE51815EBA
DDCTransactionId2C15252949465B7178E97397961FE6A1_25, BuildTexture=, CacheKey=TEXTURE_814DCC3DC72143F49509781513CB9855_AutoDXT_856DCF2F4FB8109236A2E9A780C0E9A5_07_0000803F0000803F0000803F000000000000803F00000000000000000000803F0000000000000000020000000E000000000000000101000000040000803FFFFFFFFF00000000FF00FF00FFFF8180803B, StartTime=2016.05.17-21.51.26, Duration=107.327400, RunGuid=RunID799055DA4EA2F02DC3572EAE51815EBA
DDCTransactionId6B8024FF4279579488AEE09BF0EE4399_126, PutCachedData=, CacheKey=TEXTURE_814DCC3DC72143F49509781513CB9855_DXT1_7BC543194B93CBD86F8EE38F8EA67244__860972702A1C81D51988930A69AB1E293EAEDDB3, StartTime=2016.05.17-21.51.27, HierarchicalDDC=, DataSize=33028, Duration=647.463135, RunGuid=RunID799055DA4EA2F02DC3572EAE51815EBA
DDCTransactionId2C15252949465B7178E97397961FE6A1_26, BuildTexture=, CacheKey=TEXTURE_814DCC3DC72143F49509781513CB9855_AutoDXT_D77BE574402248083A7627976DD6B328_07_0000803F0000803F0000803F000000000000803F00000000000000000000803F0000000000000000020000000E000000000000000101000000040000803FFFFFFFFF00000000FF00FF00FFFF8180803B, StartTime=2016.05.17-21.51.27, Duration=2881.343018, RunGuid=RunID799055DA4EA2F02DC3572EAE51815EBA
DDCTransactionId6B8024FF4279579488AEE09BF0EE4399_127, PutCachedData=, CacheKey=TEXTURE_814DCC3DC72143F49509781513CB9855_DXT1_7BC543194B93CBD86F8EE38F8EA67244__B7547C3812EDB33363716626F241F0903389C653, StartTime=2016.05.17-21.51.27, HierarchicalDDC=, DataSize=8452, Duration=0.249069, RunGuid=RunID799055DA4EA2F02DC3572EAE51815EBA
DDCTransactionId6B8024FF4279579488AEE09BF0EE4399_128, PutCachedData=, CacheKey=TEXTURE_814DCC3DC72143F49509781513CB9855_DXT1_7BC543194B93CBD86F8EE38F8EA67244__62583BB745388ECF65AC35214E0AB0E0CCC3CB56, StartTime=2016.05.17-21.51.27, HierarchicalDDC=, DataSize=4731, Duration=1590.263794, RunGuid=RunID799055DA4EA2F02DC3572EAE51815EBA
DDCTransactionId6B8024FF4279579488AEE09BF0EE4399_129, PutCachedData=, CacheKey=TEXTURE_814DCC3DC72143F49509781513CB9855_DXT1_138A37284987A0D8B32347A084C3F0FF__853410CFA077141F1D66E3FC5A86884174FA1017, StartTime=2016.05.17-21.51.29, HierarchicalDDC=, DataSize=2097414, Duration=8.358691, RunGuid=RunID799055DA4EA2F02DC3572EAE51815EBA
DDCTransactionId6B8024FF4279579488AEE09BF0EE4399_130, PutCachedData=, CacheKey=TEXTURE_814DCC3DC72143F49509781513CB9855_DXT1_138A37284987A0D8B32347A084C3F0FF__427CC113AB412C66DCF40DE68461AC9ED6F2405B, StartTime=2016.05.17-21.51.29, HierarchicalDDC=, DataSize=524550, Duration=1255.594238, RunGuid=RunID799055DA4EA2F02DC3572EAE51815EBA
DDCTransactionId2C15252949465B7178E97397961FE6A1_27, BuildTexture=, CacheKey=TEXTURE_814DCC3DC72143F49509781513CB9855_AutoDXT_A064813D4BF98F629EF8E7A9E63E4C4D_07_0000803F0000803F0000803F000000000000803F00000000000000000000803F0000000000000000020000000E000000000000000101000000040000803FFFFFFFFF00000000FF00FF00FFFF8180803B, StartTime=2016.05.17-21.51.30, Duration=2684.195801, RunGuid=RunID799055DA4EA2F02DC3572EAE51815EBA
DDCTransactionId6B8024FF4279579488AEE09BF0EE4399_131, PutCachedData=, CacheKey=TEXTURE_814DCC3DC72143F49509781513CB9855_DXT1_138A37284987A0D8B32347A084C3F0FF__3B231E24EAE35624146FB8E0E859D45D1BF969DC, StartTime=2016.05.17-21.51.30, HierarchicalDDC=, DataSize=131332, Duration=932.058533, RunGuid=RunID799055DA4EA2F02DC3572EAE51815EBA
DDCTransactionId6B8024FF4279579488AEE09BF0EE4399_132, PutCachedData=, CacheKey=TEXTURE_814DCC3DC72143F49509781513CB9855_DXT1_138A37284987A0D8B32347A084C3F0FF__503F7D9EE8F25166DDAE6C84795AA64C6441D351, StartTime=2016.05.17-21.51.31, HierarchicalDDC=, DataSize=33028, Duration=852.408997, RunGuid=RunID799055DA4EA2F02DC3572EAE51815EBA
DDCTransactionId6B8024FF4279579488AEE09BF0EE4399_133, PutCachedData=, CacheKey=TEXTURE_814DCC3DC72143F49509781513CB9855_DXT1_138A37284987A0D8B32347A084C3F0FF__60D29871B7B7C1F710B1B9B7E04C7A409F75652B, StartTime=2016.05.17-21.51.32, HierarchicalDDC=, DataSize=8452, Duration=278.081787, RunGuid=RunID799055DA4EA2F02DC3572EAE51815EBA
DDCTransactionId6B8024FF4279579488AEE09BF0EE4399_134, PutCachedData=, CacheKey=TEXTURE_814DCC3DC72143F49509781513CB9855_DXT1_138A37284987A0D8B32347A084C3F0FF__441A5DAC6B1E8882AD2E3FDE32A595C37EEF4137, StartTime=2016.05.17-21.51.32, HierarchicalDDC=, DataSize=4731, Duration=4556.131348, RunGuid=RunID799055DA4EA2F02DC3572EAE51815EBA
DDCTransactionId2C15252949465B7178E97397961FE6A1_28, BuildTexture=, CacheKey=TEXTURE_814DCC3DC72143F49509781513CB9855_AutoDXT_146B5A7043F400CC35F58D802BBDED3F_07_0000803F0000803F0000803F000000000000803F00000000000000000000803F0000000000000000020000000E000000000000000101000000040000803FFFFFFFFF00000000FF00FF00FFFF8180803B, StartTime=2016.05.17-21.51.33, Duration=3035.953857, RunGuid=RunID799055DA4EA2F02DC3572EAE51815EBA
DDCTransactionId2C15252949465B7178E97397961FE6A1_29, BuildTexture=, CacheKey=TEXTURE_814DCC3DC72143F49509781513CB9855_AutoDXT_F271D0C544C72E12EFD1F58E5D2E37B3_07_0000803F0000803F0000803F000000000000803F00000000000000000000803F0000000000000000020000000E000000000000000101000000040000803FFFFFFFFF00000000FF00FF00FFFF8180803B, StartTime=2016.05.17-21.51.36, Duration=2649.992676, RunGuid=RunID799055DA4EA2F02DC3572EAE51815EBA
DDCTransactionId6B8024FF4279579488AEE09BF0EE4399_135, PutCachedData=, CacheKey=TEXTURE_814DCC3DC72143F49509781513CB9855_DXT1_362ABF464B82526874A723B8D7C94A24__DFCF59F403A015A46417344220E5DA447CA4A1DF, StartTime=2016.05.17-21.51.37, HierarchicalDDC=, DataSize=2097414, Duration=110.032654, RunGuid=RunID799055DA4EA2F02DC3572EAE51815EBA
DDCTransactionId6B8024FF4279579488AEE09BF0EE4399_136, PutCachedData=, CacheKey=TEXTURE_814DCC3DC72143F49509781513CB9855_DXT1_362ABF464B82526874A723B8D7C94A24__49F3E6122C4339E013596F7E7211EC7E31D8F487, StartTime=2016.05.17-21.51.37, HierarchicalDDC=, DataSize=524550, Duration=1.493938, RunGuid=RunID799055DA4EA2F02DC3572EAE51815EBA
DDCTransactionId6B8024FF4279579488AEE09BF0EE4399_137, PutCachedData=, CacheKey=TEXTURE_814DCC3DC72143F49509781513CB9855_DXT1_362ABF464B82526874A723B8D7C94A24__287D71E983D220ACDDC94875F8381D8F0827C9C1, StartTime=2016.05.17-21.51.37, HierarchicalDDC=, DataSize=131332, Duration=0.721213, RunGuid=RunID799055DA4EA2F02DC3572EAE51815EBA
DDCTransactionId6B8024FF4279579488AEE09BF0EE4399_138, PutCachedData=, CacheKey=TEXTURE_814DCC3DC72143F49509781513CB9855_DXT1_362ABF464B82526874A723B8D7C94A24__39059CC6DB541A8D1F4D11B4B494C93196D2B795, StartTime=2016.05.17-21.51.37, HierarchicalDDC=, DataSize=33028, Duration=0.245288, RunGuid=RunID799055DA4EA2F02DC3572EAE51815EBA
DDCTransactionId6B8024FF4279579488AEE09BF0EE4399_139, PutCachedData=, CacheKey=TEXTURE_814DCC3DC72143F49509781513CB9855_DXT1_362ABF464B82526874A723B8D7C94A24__0FDB3553A98DBE78986989A790BFB676D5FEC384, StartTime=2016.05.17-21.51.37, HierarchicalDDC=, DataSize=8452, Duration=0.196610, RunGuid=RunID799055DA4EA2F02DC3572EAE51815EBA
DDCTransactionId6B8024FF4279579488AEE09BF0EE4399_140, PutCachedData=, CacheKey=TEXTURE_814DCC3DC72143F49509781513CB9855_DXT1_362ABF464B82526874A723B8D7C94A24__19C32B03895CDB4D619E7FBF3E86CE268A2B3CD6, StartTime=2016.05.17-21.51.37, HierarchicalDDC=, DataSize=4731, Duration=0.143677, RunGuid=RunID799055DA4EA2F02DC3572EAE51815EBA
DDCTransactionId6B8024FF4279579488AEE09BF0EE4399_141, PutCachedData=, CacheKey=TEXTURE_814DCC3DC72143F49509781513CB9855_DXT1_9D3441914193390948EB54B63734E881__6DDED95E2F19D61324DE48F1B7F71AADCF9602C5, StartTime=2016.05.17-21.51.37, HierarchicalDDC=, DataSize=3267, Duration=738.122314, RunGuid=RunID799055DA4EA2F02DC3572EAE51815EBA
DDCTransactionId6B8024FF4279579488AEE09BF0EE4399_142, PutCachedData=, CacheKey=TEXTURE_814DCC3DC72143F49509781513CB9855_AutoDXT_856DCF2F4FB8109236A2E9A780C0E__973A4145687E13CC8EC8D74EE3258F021860174E, StartTime=2016.05.17-21.51.38, HierarchicalDDC=, DataSize=1910, Duration=139.274841, RunGuid=RunID799055DA4EA2F02DC3572EAE51815EBA
DDCTransactionId6B8024FF4279579488AEE09BF0EE4399_143, PutCachedData=, CacheKey=TEXTURE_814DCC3DC72143F49509781513CB9855_AutoDXT_D77BE574402248083A7627976DD6B__B7E03AEB7D908EE4A3A63BC0704CF3B55382D335, StartTime=2016.05.17-21.51.38, HierarchicalDDC=, DataSize=2097417, Duration=5.433671, RunGuid=RunID799055DA4EA2F02DC3572EAE51815EBA
DDCTransactionId6B8024FF4279579488AEE09BF0EE4399_144, PutCachedData=, CacheKey=TEXTURE_814DCC3DC72143F49509781513CB9855_AutoDXT_D77BE574402248083A7627976DD6B__091BF18369789D9C50994628441314EC10E7DEDD, StartTime=2016.05.17-21.51.38, HierarchicalDDC=, DataSize=524552, Duration=1366.739380, RunGuid=RunID799055DA4EA2F02DC3572EAE51815EBA
DDCTransactionId2C15252949465B7178E97397961FE6A1_30, BuildTexture=, CacheKey=TEXTURE_814DCC3DC72143F49509781513CB9855_AutoDXT_9093F428437BFA97017F32809D2CC17D_07_0000803F0000803F0000803F000000000000803F00000000000000000000803F0000000000000000020000000E000000000000000101000000040000803FFFFFFFFF00000000FF00FF00FFFF8180803B, StartTime=2016.05.17-21.51.39, Duration=5042.416504, RunGuid=RunID799055DA4EA2F02DC3572EAE51815EBA
DDCTransactionId6B8024FF4279579488AEE09BF0EE4399_145, PutCachedData=, CacheKey=TEXTURE_814DCC3DC72143F49509781513CB9855_AutoDXT_D77BE574402248083A7627976DD6B__9F82A34699CE1C881E003CD5A3A88EAE728AC108, StartTime=2016.05.17-21.51.39, HierarchicalDDC=, DataSize=131335, Duration=0.547290, RunGuid=RunID799055DA4EA2F02DC3572EAE51815EBA
DDCTransactionId6B8024FF4279579488AEE09BF0EE4399_146, PutCachedData=, CacheKey=TEXTURE_814DCC3DC72143F49509781513CB9855_AutoDXT_D77BE574402248083A7627976DD6B__B309907BDC2C56301AA0B39E50D9052FB5A69FED, StartTime=2016.05.17-21.51.39, HierarchicalDDC=, DataSize=33031, Duration=1044.300659, RunGuid=RunID799055DA4EA2F02DC3572EAE51815EBA
DDCTransactionId6B8024FF4279579488AEE09BF0EE4399_147, PutCachedData=, CacheKey=TEXTURE_814DCC3DC72143F49509781513CB9855_AutoDXT_D77BE574402248083A7627976DD6B__16D65921732A08EB03F9D30EB690C386C014F782, StartTime=2016.05.17-21.51.40, HierarchicalDDC=, DataSize=8454, Duration=1594.885986, RunGuid=RunID799055DA4EA2F02DC3572EAE51815EBA
DDCTransactionId6B8024FF4279579488AEE09BF0EE4399_148, PutCachedData=, CacheKey=TEXTURE_814DCC3DC72143F49509781513CB9855_AutoDXT_D77BE574402248083A7627976DD6B__E0D0365A7C69F21C2F0C470B58969CECEEAA06B1, StartTime=2016.05.17-21.51.42, HierarchicalDDC=, DataSize=4771, Duration=0.172976, RunGuid=RunID799055DA4EA2F02DC3572EAE51815EBA
DDCTransactionId6B8024FF4279579488AEE09BF0EE4399_149, PutCachedData=, CacheKey=TEXTURE_814DCC3DC72143F49509781513CB9855_AutoDXT_A064813D4BF98F629EF8E7A9E63E4__709DBC376A59873481F27CEA023CE47C7591E1F4, StartTime=2016.05.17-21.51.42, HierarchicalDDC=, DataSize=2097417, Duration=210.915924, RunGuid=RunID799055DA4EA2F02DC3572EAE51815EBA
DDCTransactionId6B8024FF4279579488AEE09BF0EE4399_150, PutCachedData=, CacheKey=TEXTURE_814DCC3DC72143F49509781513CB9855_AutoDXT_A064813D4BF98F629EF8E7A9E63E4__CCAB5E424A1CAC6F1D2CEC2018F56E25647CA84E, StartTime=2016.05.17-21.51.42, HierarchicalDDC=, DataSize=524552, Duration=582.053528, RunGuid=RunID799055DA4EA2F02DC3572EAE51815EBA
DDCTransactionId6B8024FF4279579488AEE09BF0EE4399_151, PutCachedData=, CacheKey=TEXTURE_814DCC3DC72143F49509781513CB9855_AutoDXT_A064813D4BF98F629EF8E7A9E63E4__1EF5375B7CD29BD647D586502E27EDFEC522FD3A, StartTime=2016.05.17-21.51.43, HierarchicalDDC=, DataSize=131335, Duration=1003.856567, RunGuid=RunID799055DA4EA2F02DC3572EAE51815EBA
DDCTransactionId6B8024FF4279579488AEE09BF0EE4399_152, PutCachedData=, CacheKey=TEXTURE_814DCC3DC72143F49509781513CB9855_AutoDXT_A064813D4BF98F629EF8E7A9E63E4__BB38585BB8737D70CF2F961EAF15FFBBF0CD2EE9, StartTime=2016.05.17-21.51.44, HierarchicalDDC=, DataSize=33031, Duration=1804.836426, RunGuid=RunID799055DA4EA2F02DC3572EAE51815EBA
DDCTransactionId2C15252949465B7178E97397961FE6A1_31, BuildTexture=, CacheKey=TEXTURE_814DCC3DC72143F49509781513CB9855_AutoDXT_5654E5EE4562C408877B269DD408152B_07_0000803F0000803F0000803F000000000000803F00000000000000000000803F0000000000000000020000000E000000000000000101000000040000803FFFFFFFFF00000000FF00FF00FFFF8180803B, StartTime=2016.05.17-21.51.44, Duration=3865.106201, RunGuid=RunID799055DA4EA2F02DC3572EAE51815EBA
DDCTransactionId6B8024FF4279579488AEE09BF0EE4399_153, PutCachedData=, CacheKey=TEXTURE_814DCC3DC72143F49509781513CB9855_AutoDXT_A064813D4BF98F629EF8E7A9E63E4__69FABFD4F6F482EC0709EE28694824FE3C796B85, StartTime=2016.05.17-21.51.45, HierarchicalDDC=, DataSize=8454, Duration=692.354614, RunGuid=RunID799055DA4EA2F02DC3572EAE51815EBA
DDCTransactionId6B8024FF4279579488AEE09BF0EE4399_154, PutCachedData=, CacheKey=TEXTURE_814DCC3DC72143F49509781513CB9855_AutoDXT_A064813D4BF98F629EF8E7A9E63E4__DAE7628ABB062B5AD71C51147C32F1B19868F36C, StartTime=2016.05.17-21.51.46, HierarchicalDDC=, DataSize=4771, Duration=345.776062, RunGuid=RunID799055DA4EA2F02DC3572EAE51815EBA
DDCTransactionId6B8024FF4279579488AEE09BF0EE4399_155, PutCachedData=, CacheKey=TEXTURE_814DCC3DC72143F49509781513CB9855_AutoDXT_146B5A7043F400CC35F58D802BBDE__CB68A5CB9A9DCDC698672B1E2DDFB0523CDC9E66, StartTime=2016.05.17-21.51.46, HierarchicalDDC=, DataSize=2097417, Duration=406.360291, RunGuid=RunID799055DA4EA2F02DC3572EAE51815EBA
DDCTransactionId6B8024FF4279579488AEE09BF0EE4399_156, PutCachedData=, CacheKey=TEXTURE_814DCC3DC72143F49509781513CB9855_AutoDXT_146B5A7043F400CC35F58D802BBDE__AA91ACE936CB725758C13F46EB5760E455599C7D, StartTime=2016.05.17-21.51.47, HierarchicalDDC=, DataSize=524552, Duration=9.455163, RunGuid=RunID799055DA4EA2F02DC3572EAE51815EBA
DDCTransactionId6B8024FF4279579488AEE09BF0EE4399_157, PutCachedData=, CacheKey=TEXTURE_814DCC3DC72143F49509781513CB9855_AutoDXT_146B5A7043F400CC35F58D802BBDE__5CF70D8C3BA91509186D06E0796686318F6BBC42, StartTime=2016.05.17-21.51.47, HierarchicalDDC=, DataSize=131335, Duration=151.240540, RunGuid=RunID799055DA4EA2F02DC3572EAE51815EBA
DDCTransactionId6B8024FF4279579488AEE09BF0EE4399_158, PutCachedData=, CacheKey=TEXTURE_814DCC3DC72143F49509781513CB9855_AutoDXT_146B5A7043F400CC35F58D802BBDE__69D9238A9993F5847F25FEF1DA6D990AEDFED9B0, StartTime=2016.05.17-21.51.47, HierarchicalDDC=, DataSize=33031, Duration=2128.364990, RunGuid=RunID799055DA4EA2F02DC3572EAE51815EBA
DDCTransactionId2C15252949465B7178E97397961FE6A1_32, BuildTexture=, CacheKey=TEXTURE_814DCC3DC72143F49509781513CB9855_AutoDXT_62C542B0470F2F9E22401099CA76A869_07_0000803F0000803F0000803F000000000000803F00000000000000000000803F0000000000000000020000000E000000000000000101000000040000803FFFFFFFFF00000000FF00FF00FFFF8180803B, StartTime=2016.05.17-21.51.48, Duration=2917.304443, RunGuid=RunID799055DA4EA2F02DC3572EAE51815EBA
DDCTransactionId6B8024FF4279579488AEE09BF0EE4399_159, PutCachedData=, CacheKey=TEXTURE_814DCC3DC72143F49509781513CB9855_AutoDXT_146B5A7043F400CC35F58D802BBDE__E9DB2CCBC36FC65516332C59961E3A8317150523, StartTime=2016.05.17-21.51.49, HierarchicalDDC=, DataSize=8454, Duration=561.144531, RunGuid=RunID799055DA4EA2F02DC3572EAE51815EBA
DDCTransactionId6B8024FF4279579488AEE09BF0EE4399_160, PutCachedData=, CacheKey=TEXTURE_814DCC3DC72143F49509781513CB9855_AutoDXT_146B5A7043F400CC35F58D802BBDE__648C5444C708E035BA79183D4C0A93741A8D4B97, StartTime=2016.05.17-21.51.50, HierarchicalDDC=, DataSize=4771, Duration=0.596914, RunGuid=RunID799055DA4EA2F02DC3572EAE51815EBA
DDCTransactionId6B8024FF4279579488AEE09BF0EE4399_161, PutCachedData=, CacheKey=TEXTURE_814DCC3DC72143F49509781513CB9855_AutoDXT_F271D0C544C72E12EFD1F58E5D2E3__80B82A8B4F42CFF56C3180E810ACE0D6028A4E88, StartTime=2016.05.17-21.51.50, HierarchicalDDC=, DataSize=2097417, Duration=8.802008, RunGuid=RunID799055DA4EA2F02DC3572EAE51815EBA
DDCTransactionId6B8024FF4279579488AEE09BF0EE4399_162, PutCachedData=, CacheKey=TEXTURE_814DCC3DC72143F49509781513CB9855_AutoDXT_F271D0C544C72E12EFD1F58E5D2E3__B386330EAC9FBF327FC803ABE2F12A44882FCF1B, StartTime=2016.05.17-21.51.50, HierarchicalDDC=, DataSize=524552, Duration=644.237061, RunGuid=RunID799055DA4EA2F02DC3572EAE51815EBA
DDCTransactionId6B8024FF4279579488AEE09BF0EE4399_163, PutCachedData=, CacheKey=TEXTURE_814DCC3DC72143F49509781513CB9855_AutoDXT_F271D0C544C72E12EFD1F58E5D2E3__05B19E7BFDDE07CE0428C1AD261DDF6F1749D548, StartTime=2016.05.17-21.51.50, HierarchicalDDC=, DataSize=131335, Duration=901.587097, RunGuid=RunID799055DA4EA2F02DC3572EAE51815EBA
DDCTransactionId6B8024FF4279579488AEE09BF0EE4399_164, PutCachedData=, CacheKey=TEXTURE_814DCC3DC72143F49509781513CB9855_AutoDXT_F271D0C544C72E12EFD1F58E5D2E3__51A0CCD030FBCA4F0B35EE313FE4552729D27B8E, StartTime=2016.05.17-21.51.51, HierarchicalDDC=, DataSize=33031, Duration=773.061890, RunGuid=RunID799055DA4EA2F02DC3572EAE51815EBA
DDCTransactionId6B8024FF4279579488AEE09BF0EE4399_165, PutCachedData=, CacheKey=TEXTURE_814DCC3DC72143F49509781513CB9855_AutoDXT_F271D0C544C72E12EFD1F58E5D2E3__E5ACF6A38460A6C03BD493D4E87D09D972E41F55, StartTime=2016.05.17-21.51.52, HierarchicalDDC=, DataSize=8454, Duration=0.332721, RunGuid=RunID799055DA4EA2F02DC3572EAE51815EBA
DDCTransactionId6B8024FF4279579488AEE09BF0EE4399_166, PutCachedData=, CacheKey=TEXTURE_814DCC3DC72143F49509781513CB9855_AutoDXT_F271D0C544C72E12EFD1F58E5D2E3__38E324AB8E9EEC8C7BCFDD1BB98184E16CF4D65A, StartTime=2016.05.17-21.51.52, HierarchicalDDC=, DataSize=4771, Duration=638.886108, RunGuid=RunID799055DA4EA2F02DC3572EAE51815EBA
DDCTransactionId6B8024FF4279579488AEE09BF0EE4399_167, PutCachedData=, CacheKey=TEXTURE_814DCC3DC72143F49509781513CB9855_AutoDXT_9093F428437BFA97017F32809D2CC__B88FC706DF8AD73D77D52F05D02BBC2A66E9CC5E, StartTime=2016.05.17-21.51.53, HierarchicalDDC=, DataSize=2097417, Duration=9.864450, RunGuid=RunID799055DA4EA2F02DC3572EAE51815EBA
DDCTransactionId6B8024FF4279579488AEE09BF0EE4399_168, PutCachedData=, CacheKey=TEXTURE_814DCC3DC72143F49509781513CB9855_AutoDXT_9093F428437BFA97017F32809D2CC__28745A5970A1A368D66988FA88DF553D57CC45E4, StartTime=2016.05.17-21.51.53, HierarchicalDDC=, DataSize=524552, Duration=669.410522, RunGuid=RunID799055DA4EA2F02DC3572EAE51815EBA
DDCTransactionId6B8024FF4279579488AEE09BF0EE4399_169, PutCachedData=, CacheKey=TEXTURE_814DCC3DC72143F49509781513CB9855_AutoDXT_9093F428437BFA97017F32809D2CC__5F3F68C4401B34F56A1EA0094C3168840272F1BC, StartTime=2016.05.17-21.51.53, HierarchicalDDC=, DataSize=131335, Duration=1097.890625, RunGuid=RunID799055DA4EA2F02DC3572EAE51815EBA
DDCTransactionId6B8024FF4279579488AEE09BF0EE4399_170, PutCachedData=, CacheKey=TEXTURE_814DCC3DC72143F49509781513CB9855_AutoDXT_9093F428437BFA97017F32809D2CC__34D73D08122A32E43FD2BBE88E976C56C4687F6F, StartTime=2016.05.17-21.51.55, HierarchicalDDC=, DataSize=33031, Duration=196.477020, RunGuid=RunID799055DA4EA2F02DC3572EAE51815EBA
DDCTransactionId6B8024FF4279579488AEE09BF0EE4399_171, PutCachedData=, CacheKey=TEXTURE_814DCC3DC72143F49509781513CB9855_AutoDXT_9093F428437BFA97017F32809D2CC__D1734A939A50311727A9DAA1B85F591662494E18, StartTime=2016.05.17-21.51.55, HierarchicalDDC=, DataSize=8454, Duration=876.761963, RunGuid=RunID799055DA4EA2F02DC3572EAE51815EBA
DDCTransactionId6B8024FF4279579488AEE09BF0EE4399_172, PutCachedData=, CacheKey=TEXTURE_814DCC3DC72143F49509781513CB9855_AutoDXT_9093F428437BFA97017F32809D2CC__A1F3255ED69B5E2A361857A77ACAE181C1C7EB5B, StartTime=2016.05.17-21.51.56, HierarchicalDDC=, DataSize=4771, Duration=0.671115, RunGuid=RunID799055DA4EA2F02DC3572EAE51815EBA
DDCTransactionId6B8024FF4279579488AEE09BF0EE4399_173, PutCachedData=, CacheKey=TEXTURE_814DCC3DC72143F49509781513CB9855_AutoDXT_5654E5EE4562C408877B269DD4081__B3E12FF5935B6AA9C9F8D36180F9AA56B7F4845B, StartTime=2016.05.17-21.51.56, HierarchicalDDC=, DataSize=2097417, Duration=376.567505, RunGuid=RunID799055DA4EA2F02DC3572EAE51815EBA
DDCTransactionId6B8024FF4279579488AEE09BF0EE4399_174, PutCachedData=, CacheKey=TEXTURE_814DCC3DC72143F49509781513CB9855_AutoDXT_5654E5EE4562C408877B269DD4081__9417343A92F295D0E411EB9435BD3AEFA5F41054, StartTime=2016.05.17-21.51.56, HierarchicalDDC=, DataSize=524552, Duration=1.755297, RunGuid=RunID799055DA4EA2F02DC3572EAE51815EBA
DDCTransactionId6B8024FF4279579488AEE09BF0EE4399_175, PutCachedData=, CacheKey=TEXTURE_814DCC3DC72143F49509781513CB9855_AutoDXT_5654E5EE4562C408877B269DD4081__DF751DD86C5DFE1D5B75DD6BDC757EF9AFD403A2, StartTime=2016.05.17-21.51.56, HierarchicalDDC=, DataSize=131335, Duration=137.518127, RunGuid=RunID799055DA4EA2F02DC3572EAE51815EBA
DDCTransactionId6B8024FF4279579488AEE09BF0EE4399_176, PutCachedData=, CacheKey=TEXTURE_814DCC3DC72143F49509781513CB9855_AutoDXT_5654E5EE4562C408877B269DD4081__DB712F1C0CFF4F2A90DF0D8A8294D6D52FB4E884, StartTime=2016.05.17-21.51.56, HierarchicalDDC=, DataSize=33031, Duration=506.845612, RunGuid=RunID799055DA4EA2F02DC3572EAE51815EBA
DDCTransactionId6B8024FF4279579488AEE09BF0EE4399_177, PutCachedData=, CacheKey=TEXTURE_814DCC3DC72143F49509781513CB9855_AutoDXT_5654E5EE4562C408877B269DD4081__97EA314A45FA95A302EDD547B7E800C1EC40A37C, StartTime=2016.05.17-21.51.57, HierarchicalDDC=, DataSize=8454, Duration=1643.914307, RunGuid=RunID799055DA4EA2F02DC3572EAE51815EBA
DDCTransactionId2C15252949465B7178E97397961FE6A1_33, BuildTexture=, CacheKey=TEXTURE_814DCC3DC72143F49509781513CB9855_G8_4E428E1A409B8E5BED56F7817E6C9C1E_07_0000803F0000803F0000803F000000000000803F00000000000000000000803F0000000000000000020000000E000000000000000101000000040000803FFFFFFFFF00000000FF00FF00FFFF8180803B, StartTime=2016.05.17-21.51.57, Duration=303.915009, RunGuid=RunID799055DA4EA2F02DC3572EAE51815EBA
DDCTransactionId2C15252949465B7178E97397961FE6A1_34, BuildTexture=, CacheKey=TEXTURE_814DCC3DC72143F49509781513CB9855_G8_B56863AA48613E61E18038BF2572E473_07_0000803F0000803F0000803F000000000000803F00000000000000000000803F0000000000000000020000000E000000000000000101000000040000803FFFFFFFFF00000000FF00FF00FFFF8180803B, StartTime=2016.05.17-21.51.58, Duration=873.658752, RunGuid=RunID799055DA4EA2F02DC3572EAE51815EBA
DDCTransactionId6B8024FF4279579488AEE09BF0EE4399_178, PutCachedData=, CacheKey=TEXTURE_814DCC3DC72143F49509781513CB9855_AutoDXT_5654E5EE4562C408877B269DD4081__56F08C10A065474ACD6586B81701B67A4460110A, StartTime=2016.05.17-21.51.58, HierarchicalDDC=, DataSize=4771, Duration=0.158802, RunGuid=RunID799055DA4EA2F02DC3572EAE51815EBA
DDCTransactionId6B8024FF4279579488AEE09BF0EE4399_179, PutCachedData=, CacheKey=TEXTURE_814DCC3DC72143F49509781513CB9855_AutoDXT_62C542B0470F2F9E22401099CA76A__97B2DEC98B92FEC347F4B803AC9437417F8BECF9, StartTime=2016.05.17-21.51.58, HierarchicalDDC=, DataSize=2097417, Duration=113.305519, RunGuid=RunID799055DA4EA2F02DC3572EAE51815EBA
DDCTransactionId6B8024FF4279579488AEE09BF0EE4399_180, PutCachedData=, CacheKey=TEXTURE_814DCC3DC72143F49509781513CB9855_AutoDXT_62C542B0470F2F9E22401099CA76A__B8059B4B7A758554FC070A5A3F3EB6A5B0B881E0, StartTime=2016.05.17-21.51.58, HierarchicalDDC=, DataSize=524552, Duration=370.406006, RunGuid=RunID799055DA4EA2F02DC3572EAE51815EBA
DDCTransactionId2C15252949465B7178E97397961FE6A1_35, BuildTexture=, CacheKey=TEXTURE_814DCC3DC72143F49509781513CB9855_G8_A84BC6A84855AA86C554B3836B6665FA_07_0000803F0000803F0000803F000000000000803F00000000000000000000803F0000000000000000020000000E000000000000000101000000040000803FFFFFFFFF00000000FF00FF00FFFF8180803B, StartTime=2016.05.17-21.51.59, Duration=570.820374, RunGuid=RunID799055DA4EA2F02DC3572EAE51815EBA
DDCTransactionId6B8024FF4279579488AEE09BF0EE4399_181, PutCachedData=, CacheKey=TEXTURE_814DCC3DC72143F49509781513CB9855_AutoDXT_62C542B0470F2F9E22401099CA76A__988964901B41006C54E405213DE4EDB56A6F128D, StartTime=2016.05.17-21.51.59, HierarchicalDDC=, DataSize=131335, Duration=2.239257, RunGuid=RunID799055DA4EA2F02DC3572EAE51815EBA
DDCTransactionId6B8024FF4279579488AEE09BF0EE4399_182, PutCachedData=, CacheKey=TEXTURE_814DCC3DC72143F49509781513CB9855_AutoDXT_62C542B0470F2F9E22401099CA76A__3F221CAB1DF95E28A180BA23C03F77FF7D9503D7, StartTime=2016.05.17-21.51.59, HierarchicalDDC=, DataSize=33031, Duration=0.419211, RunGuid=RunID799055DA4EA2F02DC3572EAE51815EBA
DDCTransactionId6B8024FF4279579488AEE09BF0EE4399_183, PutCachedData=, CacheKey=TEXTURE_814DCC3DC72143F49509781513CB9855_AutoDXT_62C542B0470F2F9E22401099CA76A__B3841DB6212A3D8DB088B20104D219632120AA08, StartTime=2016.05.17-21.51.59, HierarchicalDDC=, DataSize=8454, Duration=0.380456, RunGuid=RunID799055DA4EA2F02DC3572EAE51815EBA
DDCTransactionId6B8024FF4279579488AEE09BF0EE4399_184, PutCachedData=, CacheKey=TEXTURE_814DCC3DC72143F49509781513CB9855_AutoDXT_62C542B0470F2F9E22401099CA76A__B4D6EB7CC6CED0F301BA09362C771AAF869175EB, StartTime=2016.05.17-21.51.59, HierarchicalDDC=, DataSize=4771, Duration=218.475418, RunGuid=RunID799055DA4EA2F02DC3572EAE51815EBA
DDCTransactionId6B8024FF4279579488AEE09BF0EE4399_185, PutCachedData=, CacheKey=TEXTURE_814DCC3DC72143F49509781513CB9855_G8_4E428E1A409B8E5BED56F7817E6C9C1E_0__4EA3A1E22A9BB1952B3452A91BB8ED510E9BDAB1, StartTime=2016.05.17-21.51.59, HierarchicalDDC=, DataSize=2097412, Duration=6.478153, RunGuid=RunID799055DA4EA2F02DC3572EAE51815EBA
DDCTransactionId6B8024FF4279579488AEE09BF0EE4399_186, PutCachedData=, CacheKey=TEXTURE_814DCC3DC72143F49509781513CB9855_G8_4E428E1A409B8E5BED56F7817E6C9C1E_0__CB8C7891580F078C2B35239DFAE6A4BFBDAFFD1F, StartTime=2016.05.17-21.51.59, HierarchicalDDC=, DataSize=524547, Duration=189.783829, RunGuid=RunID799055DA4EA2F02DC3572EAE51815EBA
DDCTransactionId6B8024FF4279579488AEE09BF0EE4399_187, PutCachedData=, CacheKey=TEXTURE_814DCC3DC72143F49509781513CB9855_G8_4E428E1A409B8E5BED56F7817E6C9C1E_0__6F5083F968F2C6834291403B53E01CF77379F41A, StartTime=2016.05.17-21.51.59, HierarchicalDDC=, DataSize=131330, Duration=0.589352, RunGuid=RunID799055DA4EA2F02DC3572EAE51815EBA
DDCTransactionId6B8024FF4279579488AEE09BF0EE4399_188, PutCachedData=, CacheKey=TEXTURE_814DCC3DC72143F49509781513CB9855_G8_4E428E1A409B8E5BED56F7817E6C9C1E_0__02F4A5EF31C05B4E7FE1B206A661C6D05AD6C9B1, StartTime=2016.05.17-21.51.59, HierarchicalDDC=, DataSize=33026, Duration=362.858307, RunGuid=RunID799055DA4EA2F02DC3572EAE51815EBA
DDCTransactionId2C15252949465B7178E97397961FE6A1_36, BuildTexture=, CacheKey=TEXTURE_814DCC3DC72143F49509781513CB9855_G8_761D4DE441497C29DA07B7AFB84596CB_07_0000803F0000803F0000803F000000000000803F00000000000000000000803F0000000000000000020000000E000000000000000101000000040000803FFFFFFFFF00000000FF00FF00FFFF8180803B, StartTime=2016.05.17-21.51.59, Duration=1180.332397, RunGuid=RunID799055DA4EA2F02DC3572EAE51815EBA
DDCTransactionId6B8024FF4279579488AEE09BF0EE4399_189, PutCachedData=, CacheKey=TEXTURE_814DCC3DC72143F49509781513CB9855_G8_4E428E1A409B8E5BED56F7817E6C9C1E_0__6A6BB2FEF59C3FB0CD036E482707AD87A20B1EF1, StartTime=2016.05.17-21.52.00, HierarchicalDDC=, DataSize=8449, Duration=0.293966, RunGuid=RunID799055DA4EA2F02DC3572EAE51815EBA
DDCTransactionId6B8024FF4279579488AEE09BF0EE4399_190, PutCachedData=, CacheKey=TEXTURE_814DCC3DC72143F49509781513CB9855_G8_4E428E1A409B8E5BED56F7817E6C9C1E_0__1DC4A0BDCB4BFC3A6E7949573B1FC0D2FC27540E, StartTime=2016.05.17-21.52.00, HierarchicalDDC=, DataSize=4702, Duration=0.377145, RunGuid=RunID799055DA4EA2F02DC3572EAE51815EBA
DDCTransactionId6B8024FF4279579488AEE09BF0EE4399_191, PutCachedData=, CacheKey=TEXTURE_814DCC3DC72143F49509781513CB9855_G8_B56863AA48613E61E18038BF2572E473_0__83F5E2E33DA9BF5096696C106CA527F2E14D86E0, StartTime=2016.05.17-21.52.00, HierarchicalDDC=, DataSize=2097412, Duration=6.326445, RunGuid=RunID799055DA4EA2F02DC3572EAE51815EBA
DDCTransactionId6B8024FF4279579488AEE09BF0EE4399_192, PutCachedData=, CacheKey=TEXTURE_814DCC3DC72143F49509781513CB9855_G8_B56863AA48613E61E18038BF2572E473_0__863AB892707170DD38BF9617576AF8930B22D167, StartTime=2016.05.17-21.52.00, HierarchicalDDC=, DataSize=524547, Duration=414.027069, RunGuid=RunID799055DA4EA2F02DC3572EAE51815EBA
DDCTransactionId6B8024FF4279579488AEE09BF0EE4399_193, PutCachedData=, CacheKey=TEXTURE_814DCC3DC72143F49509781513CB9855_G8_B56863AA48613E61E18038BF2572E473_0__29F8FCD2B69CF3B685D65E1594F0E5B46612A707, StartTime=2016.05.17-21.52.00, HierarchicalDDC=, DataSize=131330, Duration=0.823297, RunGuid=RunID799055DA4EA2F02DC3572EAE51815EBA
DDCTransactionId6B8024FF4279579488AEE09BF0EE4399_194, PutCachedData=, CacheKey=TEXTURE_814DCC3DC72143F49509781513CB9855_G8_B56863AA48613E61E18038BF2572E473_0__F033AFE2A5C42B85F5F2C1499A748F6BAFC0E243, StartTime=2016.05.17-21.52.00, HierarchicalDDC=, DataSize=33026, Duration=2.329528, RunGuid=RunID799055DA4EA2F02DC3572EAE51815EBA
DDCTransactionId6B8024FF4279579488AEE09BF0EE4399_195, PutCachedData=, CacheKey=TEXTURE_814DCC3DC72143F49509781513CB9855_G8_B56863AA48613E61E18038BF2572E473_0__F3D45B471DF28C05ACF4C82CBDFFCD9A1B828C31, StartTime=2016.05.17-21.52.00, HierarchicalDDC=, DataSize=8449, Duration=0.281207, RunGuid=RunID799055DA4EA2F02DC3572EAE51815EBA
DDCTransactionId6B8024FF4279579488AEE09BF0EE4399_196, PutCachedData=, CacheKey=TEXTURE_814DCC3DC72143F49509781513CB9855_G8_B56863AA48613E61E18038BF2572E473_0__9D9BD3A79F0E71C3B8E5602E15AE642720170BC5, StartTime=2016.05.17-21.52.00, HierarchicalDDC=, DataSize=4702, Duration=526.471497, RunGuid=RunID799055DA4EA2F02DC3572EAE51815EBA
DDCTransactionId6B8024FF4279579488AEE09BF0EE4399_197, PutCachedData=, CacheKey=TEXTURE_814DCC3DC72143F49509781513CB9855_G8_A84BC6A84855AA86C554B3836B6665FA_0__CDBFC93849F202E17EF3C5964619BE4F456D3716, StartTime=2016.05.17-21.52.01, HierarchicalDDC=, DataSize=2097412, Duration=69.731239, RunGuid=RunID799055DA4EA2F02DC3572EAE51815EBA
DDCTransactionId2C15252949465B7178E97397961FE6A1_37, BuildTexture=, CacheKey=TEXTURE_814DCC3DC72143F49509781513CB9855_G8_9B3C8FA44777C8473B09AE815AEE0F8E_07_0000803F0000803F0000803F000000000000803F00000000000000000000803F0000000000000000020000000E000000000000000101000000040000803FFFFFFFFF00000000FF00FF00FFFF8180803B, StartTime=2016.05.17-21.52.01, Duration=1200.680420, RunGuid=RunID799055DA4EA2F02DC3572EAE51815EBA
DDCTransactionId6B8024FF4279579488AEE09BF0EE4399_198, PutCachedData=, CacheKey=TEXTURE_814DCC3DC72143F49509781513CB9855_G8_A84BC6A84855AA86C554B3836B6665FA_0__6079899DF7BD972E4A2E8F5A01BBA50CEFAA434B, StartTime=2016.05.17-21.52.01, HierarchicalDDC=, DataSize=524547, Duration=80.057434, RunGuid=RunID799055DA4EA2F02DC3572EAE51815EBA
DDCTransactionId6B8024FF4279579488AEE09BF0EE4399_199, PutCachedData=, CacheKey=TEXTURE_814DCC3DC72143F49509781513CB9855_G8_A84BC6A84855AA86C554B3836B6665FA_0__418818C4D116F9918D14236E87CBBA50FFBA85CD, StartTime=2016.05.17-21.52.01, HierarchicalDDC=, DataSize=131330, Duration=0.603531, RunGuid=RunID799055DA4EA2F02DC3572EAE51815EBA
DDCTransactionId6B8024FF4279579488AEE09BF0EE4399_200, PutCachedData=, CacheKey=TEXTURE_814DCC3DC72143F49509781513CB9855_G8_A84BC6A84855AA86C554B3836B6665FA_0__71509AD4727C9ACC5CA32D4E8C21A1239D9774DD, StartTime=2016.05.17-21.52.01, HierarchicalDDC=, DataSize=33026, Duration=0.651263, RunGuid=RunID799055DA4EA2F02DC3572EAE51815EBA
DDCTransactionId6B8024FF4279579488AEE09BF0EE4399_201, PutCachedData=, CacheKey=TEXTURE_814DCC3DC72143F49509781513CB9855_G8_A84BC6A84855AA86C554B3836B6665FA_0__8A9C403BB77BD14EBBE4C440EED39B4D98401F5A, StartTime=2016.05.17-21.52.01, HierarchicalDDC=, DataSize=8449, Duration=381.698212, RunGuid=RunID799055DA4EA2F02DC3572EAE51815EBA
DDCTransactionId6B8024FF4279579488AEE09BF0EE4399_202, PutCachedData=, CacheKey=TEXTURE_814DCC3DC72143F49509781513CB9855_G8_A84BC6A84855AA86C554B3836B6665FA_0__4231A5BBD0C9219A40A2057BDD17279569AE904F, StartTime=2016.05.17-21.52.01, HierarchicalDDC=, DataSize=4702, Duration=0.507589, RunGuid=RunID799055DA4EA2F02DC3572EAE51815EBA
DDCTransactionId6B8024FF4279579488AEE09BF0EE4399_203, PutCachedData=, CacheKey=TEXTURE_814DCC3DC72143F49509781513CB9855_G8_761D4DE441497C29DA07B7AFB84596CB_0__95A6F81518C0D9A9A384A47B6995BD45B4B9901E, StartTime=2016.05.17-21.52.01, HierarchicalDDC=, DataSize=2097412, Duration=6.512653, RunGuid=RunID799055DA4EA2F02DC3572EAE51815EBA
DDCTransactionId6B8024FF4279579488AEE09BF0EE4399_204, PutCachedData=, CacheKey=TEXTURE_814DCC3DC72143F49509781513CB9855_G8_761D4DE441497C29DA07B7AFB84596CB_0__713FA41D02FBD7DDCDFE15D3364436E571E96CB0, StartTime=2016.05.17-21.52.01, HierarchicalDDC=, DataSize=524547, Duration=502.290070, RunGuid=RunID799055DA4EA2F02DC3572EAE51815EBA
DDCTransactionId6B8024FF4279579488AEE09BF0EE4399_205, PutCachedData=, CacheKey=TEXTURE_814DCC3DC72143F49509781513CB9855_G8_761D4DE441497C29DA07B7AFB84596CB_0__00D8CF788EE1BDE063032D10911F41601B969479, StartTime=2016.05.17-21.52.02, HierarchicalDDC=, DataSize=131330, Duration=0.504281, RunGuid=RunID799055DA4EA2F02DC3572EAE51815EBA
DDCTransactionId6B8024FF4279579488AEE09BF0EE4399_206, PutCachedData=, CacheKey=TEXTURE_814DCC3DC72143F49509781513CB9855_G8_761D4DE441497C29DA07B7AFB84596CB_0__237C7284930177CFE5F06613E903832C31CA7F26, StartTime=2016.05.17-21.52.02, HierarchicalDDC=, DataSize=33026, Duration=0.272226, RunGuid=RunID799055DA4EA2F02DC3572EAE51815EBA
DDCTransactionId6B8024FF4279579488AEE09BF0EE4399_207, PutCachedData=, CacheKey=TEXTURE_814DCC3DC72143F49509781513CB9855_G8_761D4DE441497C29DA07B7AFB84596CB_0__962F62989CCA62702F6E5A278140574506067958, StartTime=2016.05.17-21.52.02, HierarchicalDDC=, DataSize=8449, Duration=33.736778, RunGuid=RunID799055DA4EA2F02DC3572EAE51815EBA
DDCTransactionId6B8024FF4279579488AEE09BF0EE4399_208, PutCachedData=, CacheKey=TEXTURE_814DCC3DC72143F49509781513CB9855_G8_761D4DE441497C29DA07B7AFB84596CB_0__7A1F5120E9C6545D1BBFA3926A079762731DA867, StartTime=2016.05.17-21.52.02, HierarchicalDDC=, DataSize=4702, Duration=340.707245, RunGuid=RunID799055DA4EA2F02DC3572EAE51815EBA
DDCTransactionId2C15252949465B7178E97397961FE6A1_38, BuildTexture=, CacheKey=TEXTURE_814DCC3DC72143F49509781513CB9855_G8_8D51500D484DC4B33F1C41B0C4EE2F2C_07_0000803F0000803F0000803F000000000000803F00000000000000000000803F0000000000000000020000000E000000000000000101000000040000803FFFFFFFFF00000000FF00FF00FFFF8180803B, StartTime=2016.05.17-21.52.02, Duration=0.468362, RunGuid=RunID799055DA4EA2F02DC3572EAE51815EBA
DDCTransactionId2C15252949465B7178E97397961FE6A1_39, BuildTexture=, CacheKey=TEXTURE_814DCC3DC72143F49509781513CB9855_G8_D60FB2624F10F736EE33C0BE38C2FDFB_07_0000803F0000803F0000803F000000000000803F00000000000000000000803F0000000000000000020000000E000000000000000101000000040000803FFFFFFFFF00000000FF00FF00FFFF8180803B, StartTime=2016.05.17-21.52.02, Duration=633.954346, RunGuid=RunID799055DA4EA2F02DC3572EAE51815EBA
DDCTransactionId6B8024FF4279579488AEE09BF0EE4399_209, PutCachedData=, CacheKey=TEXTURE_814DCC3DC72143F49509781513CB9855_G8_9B3C8FA44777C8473B09AE815AEE0F8E_0__73611847955CB08FBC6358F8505D1E1D238FBCF2, StartTime=2016.05.17-21.52.02, HierarchicalDDC=, DataSize=2097412, Duration=6.985743, RunGuid=RunID799055DA4EA2F02DC3572EAE51815EBA
DDCTransactionId6B8024FF4279579488AEE09BF0EE4399_210, PutCachedData=, CacheKey=TEXTURE_814DCC3DC72143F49509781513CB9855_G8_9B3C8FA44777C8473B09AE815AEE0F8E_0__C430A79EDE78124EC50EAC75E6B0938E7CE9479F, StartTime=2016.05.17-21.52.02, HierarchicalDDC=, DataSize=524547, Duration=1.619656, RunGuid=RunID799055DA4EA2F02DC3572EAE51815EBA
DDCTransactionId6B8024FF4279579488AEE09BF0EE4399_211, PutCachedData=, CacheKey=TEXTURE_814DCC3DC72143F49509781513CB9855_G8_9B3C8FA44777C8473B09AE815AEE0F8E_0__D02F96F0B9BC080518A5664DD479F446B0602284, StartTime=2016.05.17-21.52.02, HierarchicalDDC=, DataSize=131330, Duration=547.791199, RunGuid=RunID799055DA4EA2F02DC3572EAE51815EBA
DDCTransactionId2C15252949465B7178E97397961FE6A1_40, BuildTexture=, CacheKey=TEXTURE_814DCC3DC72143F49509781513CB9855_G8_67D5E5814DBB558B1D3F24A2AE5F247B_07_0000803F0000803F0000803F000000000000803F00000000000000000000803F0000000000000000020000000E000000000000000101000000040000803FFFFFFFFF00000000FF00FF00FFFF8180803B, StartTime=2016.05.17-21.52.02, Duration=869.382080, RunGuid=RunID799055DA4EA2F02DC3572EAE51815EBA
DDCTransactionId6B8024FF4279579488AEE09BF0EE4399_212, PutCachedData=, CacheKey=TEXTURE_814DCC3DC72143F49509781513CB9855_G8_9B3C8FA44777C8473B09AE815AEE0F8E_0__6AFD86916A53A3EA25227CECB0F2D0F31465C7A4, StartTime=2016.05.17-21.52.03, HierarchicalDDC=, DataSize=33026, Duration=0.525549, RunGuid=RunID799055DA4EA2F02DC3572EAE51815EBA
DDCTransactionId6B8024FF4279579488AEE09BF0EE4399_213, PutCachedData=, CacheKey=TEXTURE_814DCC3DC72143F49509781513CB9855_G8_9B3C8FA44777C8473B09AE815AEE0F8E_0__7F003C25800820C7D5ED6589A2328F7F64F821A6, StartTime=2016.05.17-21.52.03, HierarchicalDDC=, DataSize=8449, Duration=51.375290, RunGuid=RunID799055DA4EA2F02DC3572EAE51815EBA
DDCTransactionId6B8024FF4279579488AEE09BF0EE4399_214, PutCachedData=, CacheKey=TEXTURE_814DCC3DC72143F49509781513CB9855_G8_9B3C8FA44777C8473B09AE815AEE0F8E_0__CF1FE6331B7AC18E2BBC53EA5A1A4A3AA7153ADA, StartTime=2016.05.17-21.52.03, HierarchicalDDC=, DataSize=4702, Duration=0.151239, RunGuid=RunID799055DA4EA2F02DC3572EAE51815EBA
DDCTransactionId6B8024FF4279579488AEE09BF0EE4399_215, PutCachedData=, CacheKey=TEXTURE_814DCC3DC72143F49509781513CB9855_G8_8D51500D484DC4B33F1C41B0C4EE2F2C_0__1878A536B7ACEC30E7A84929082548C22B61C44E, StartTime=2016.05.17-21.52.03, HierarchicalDDC=, DataSize=3250, Duration=175.334534, RunGuid=RunID799055DA4EA2F02DC3572EAE51815EBA
DDCTransactionId6B8024FF4279579488AEE09BF0EE4399_216, PutCachedData=, CacheKey=TEXTURE_814DCC3DC72143F49509781513CB9855_G8_D60FB2624F10F736EE33C0BE38C2FDFB_0__A87EF13B27619F4167A45A99D889EE9852065970, StartTime=2016.05.17-21.52.03, HierarchicalDDC=, DataSize=2097412, Duration=6.740455, RunGuid=RunID799055DA4EA2F02DC3572EAE51815EBA
DDCTransactionId6B8024FF4279579488AEE09BF0EE4399_217, PutCachedData=, CacheKey=TEXTURE_814DCC3DC72143F49509781513CB9855_G8_D60FB2624F10F736EE33C0BE38C2FDFB_0__7346232C33022E0F917C94718A63220EC440805B, StartTime=2016.05.17-21.52.03, HierarchicalDDC=, DataSize=524547, Duration=332.981384, RunGuid=RunID799055DA4EA2F02DC3572EAE51815EBA
DDCTransactionId6B8024FF4279579488AEE09BF0EE4399_218, PutCachedData=, CacheKey=TEXTURE_814DCC3DC72143F49509781513CB9855_G8_D60FB2624F10F736EE33C0BE38C2FDFB_0__6B25E9B0619935FC44DCF77B5EC35201D570F530, StartTime=2016.05.17-21.52.03, HierarchicalDDC=, DataSize=131330, Duration=0.553433, RunGuid=RunID799055DA4EA2F02DC3572EAE51815EBA
DDCTransactionId6B8024FF4279579488AEE09BF0EE4399_219, PutCachedData=, CacheKey=TEXTURE_814DCC3DC72143F49509781513CB9855_G8_D60FB2624F10F736EE33C0BE38C2FDFB_0__10F8FCC95B03522B665D6211C11D03BF8734C8F7, StartTime=2016.05.17-21.52.03, HierarchicalDDC=, DataSize=33026, Duration=178.072403, RunGuid=RunID799055DA4EA2F02DC3572EAE51815EBA
DDCTransactionId6B8024FF4279579488AEE09BF0EE4399_220, PutCachedData=, CacheKey=TEXTURE_814DCC3DC72143F49509781513CB9855_G8_D60FB2624F10F736EE33C0BE38C2FDFB_0__4D1326FD9A30C1A2EF63217E4FAEF986D9E6A86D, StartTime=2016.05.17-21.52.03, HierarchicalDDC=, DataSize=8449, Duration=0.458907, RunGuid=RunID799055DA4EA2F02DC3572EAE51815EBA
DDCTransactionId6B8024FF4279579488AEE09BF0EE4399_221, PutCachedData=, CacheKey=TEXTURE_814DCC3DC72143F49509781513CB9855_G8_D60FB2624F10F736EE33C0BE38C2FDFB_0__DD9FB670C5ACD3553B6481F668A54BEE6042B3D8, StartTime=2016.05.17-21.52.03, HierarchicalDDC=, DataSize=4702, Duration=0.450876, RunGuid=RunID799055DA4EA2F02DC3572EAE51815EBA
DDCTransactionId6B8024FF4279579488AEE09BF0EE4399_222, PutCachedData=, CacheKey=TEXTURE_814DCC3DC72143F49509781513CB9855_G8_67D5E5814DBB558B1D3F24A2AE5F247B_0__058A1AFB600115F45520FAF66B55DA48EF986390, StartTime=2016.05.17-21.52.03, HierarchicalDDC=, DataSize=2097412, Duration=173.747482, RunGuid=RunID799055DA4EA2F02DC3572EAE51815EBA
DDCTransactionId6B8024FF4279579488AEE09BF0EE4399_223, PutCachedData=, CacheKey=TEXTURE_814DCC3DC72143F49509781513CB9855_G8_67D5E5814DBB558B1D3F24A2AE5F247B_0__39DEAFD92CE6957E9C50168BA8B76E0743D06F8C, StartTime=2016.05.17-21.52.04, HierarchicalDDC=, DataSize=524547, Duration=188.138184, RunGuid=RunID799055DA4EA2F02DC3572EAE51815EBA
DDCTransactionId6B8024FF4279579488AEE09BF0EE4399_224, PutCachedData=, CacheKey=TEXTURE_814DCC3DC72143F49509781513CB9855_G8_67D5E5814DBB558B1D3F24A2AE5F247B_0__BE751B252BE6B6295F5F2C3BA6223FC064646DDD, StartTime=2016.05.17-21.52.04, HierarchicalDDC=, DataSize=131330, Duration=0.806756, RunGuid=RunID799055DA4EA2F02DC3572EAE51815EBA
DDCTransactionId6B8024FF4279579488AEE09BF0EE4399_225, PutCachedData=, CacheKey=TEXTURE_814DCC3DC72143F49509781513CB9855_G8_67D5E5814DBB558B1D3F24A2AE5F247B_0__4B0BD67500E53832CEB1F0AB56C89733E49F6E38, StartTime=2016.05.17-21.52.04, HierarchicalDDC=, DataSize=33026, Duration=0.690021, RunGuid=RunID799055DA4EA2F02DC3572EAE51815EBA
DDCTransactionId6B8024FF4279579488AEE09BF0EE4399_226, PutCachedData=, CacheKey=TEXTURE_814DCC3DC72143F49509781513CB9855_G8_67D5E5814DBB558B1D3F24A2AE5F247B_0__128E01FCB54FC07066B79C0CBB1F0108CBA49402, StartTime=2016.05.17-21.52.04, HierarchicalDDC=, DataSize=8449, Duration=160.280746, RunGuid=RunID799055DA4EA2F02DC3572EAE51815EBA
DDCTransactionId6B8024FF4279579488AEE09BF0EE4399_227, PutCachedData=, CacheKey=TEXTURE_814DCC3DC72143F49509781513CB9855_G8_67D5E5814DBB558B1D3F24A2AE5F247B_0__37C5203F206F8E25E514046EACBA977F3EF94C12, StartTime=2016.05.17-21.52.04, HierarchicalDDC=, DataSize=4702, Duration=149.926193, RunGuid=RunID799055DA4EA2F02DC3572EAE51815EBA
DDCTransactionId6B8024FF4279579488AEE09BF0EE4399_228, PutCachedData=, CacheKey=REFL_ENC_96DFC022836B48889143E9DF484C3296_DE9936FD4A805C2765897295B3CD7B93, StartTime=2016.05.17-21.52.04, HierarchicalDDC=, DataSize=524280, Duration=1.389019, RunGuid=RunID799055DA4EA2F02DC3572EAE51815EBA
